,회사명,거래소코드,회계년도,한계기업여부,이자보상배율(이자비용)
0,케이알모터스(주),000040,2013.0,1,-4.29
1,케이알모터스(주),000040,2014.0,1,-4.6
2,케이알모터스(주),000040,2015.0,1,-4.59
3,케이알모터스(주),000040,2016.0,1,-2.26
4,케이알모터스(주),000040,2017.0,1,-6.04
5,케이알모터스(주),000040,2018.0,1,-3.14
6,성창기업지주(주),000180,2013.0,1,-1.39
7,성창기업지주(주),000180,2014.0,0,-0.05
8,성창기업지주(주),000180,2017.0,1,-0.19
9,성창기업지주(주),000180,2018.0,1,-3.96
10,디엘(주),000210,2014.0,0,-3.33
11,일동홀딩스(주),000230,2017.0,1,0.61
12,일동홀딩스(주),000230,2018.0,1,-0.29
13,(주)대유플러스,000300,2012.0,0,-4.88
14,(주)대유플러스,000300,2015.0,0,0.38
15,삼환기업(주),000360,2012.0,1,-3.12
16,(주)대동,000490,2016.0,0,-1.84
17,삼일제약(주),000520,2011.0,1,-3.56
18,삼일제약(주),000520,2012.0,1,-0.84
19,삼일제약(주),000520,2013.0,1,-1.46
20,삼일제약(주),000520,2014.0,0,-6.24
21,삼일제약(주),000520,2018.0,0,-2.39
22,(주)천일고속,000650,2018.0,0,-29.21
23,(주)영풍,000670,2015.0,1,-0.66
24,(주)영풍,000670,2016.0,0,-0.56
25,(주)엘에스네트웍스,000680,2012.0,1,0.46
26,(주)엘에스네트웍스,000680,2013.0,1,-0.24
27,(주)엘에스네트웍스,000680,2014.0,1,0.14
28,(주)엘에스네트웍스,000680,2015.0,1,-3.68
29,(주)엘에스네트웍스,000680,2016.0,1,-3.28
30,(주)엘에스네트웍스,000680,2017.0,1,0.15
31,(주)엘에스네트웍스,000680,2018.0,1,0.21
32,(주)유수홀딩스,000700,2012.0,1,-19.16
33,(주)유수홀딩스,000700,2013.0,0,-0.5
34,이화산업(주),000760,2018.0,1,0.17
35,경남기업(주),000800,2012.0,1,0.28
36,보해양조(주),000890,2011.0,0,-3.98
37,보해양조(주),000890,2017.0,1,0.94
38,보해양조(주),000890,2018.0,1,-3.58
39,(주)유니온,000910,2018.0,0,-0.26
40,전방(주),000950,2012.0,1,-4.14
41,전방(주),000950,2013.0,1,0.74
42,전방(주),000950,2014.0,1,-1.1
43,전방(주),000950,2015.0,1,-1.11
44,전방(주),000950,2016.0,1,-1.28
45,전방(주),000950,2017.0,1,-1.74
46,전방(주),000950,2018.0,1,-0.97
47,(주)DB하이텍,000990,2011.0,1,-0.75
48,(주)DB하이텍,000990,2012.0,1,-0.31
49,(주)DB하이텍,000990,2013.0,1,-0.16
50,(주)DB하이텍,000990,2014.0,0,0.67
51,페이퍼코리아(주),001020,2011.0,0,-0.9
52,페이퍼코리아(주),001020,2014.0,1,-0.75
53,페이퍼코리아(주),001020,2015.0,1,-2.67
54,페이퍼코리아(주),001020,2016.0,1,-1.35
55,페이퍼코리아(주),001020,2017.0,1,-2.22
56,페이퍼코리아(주),001020,2018.0,1,0.08
57,제이더블유중외제약(주),001060,2012.0,0,0.39
58,대한방직(주),001070,2012.0,1,-1.36
59,대한방직(주),001070,2013.0,1,0.01
60,대한방직(주),001070,2014.0,1,-1.23
61,대한방직(주),001070,2015.0,1,0.7
62,대한방직(주),001070,2016.0,1,0.2
63,대한방직(주),001070,2017.0,1,-1.82
64,대한방직(주),001070,2018.0,1,-2.88
65,(주)국보,001140,2012.0,1,0.64
66,(주)국보,001140,2013.0,1,0.36
67,(주)국보,001140,2014.0,1,-1.31
68,(주)국보,001140,2015.0,1,-1.55
69,(주)국보,001140,2016.0,1,0.14
70,(주)국보,001140,2017.0,1,-2.66
71,(주)국보,001140,2018.0,1,-4.03
72,금호전기(주),001210,2013.0,1,-0.35
73,금호전기(주),001210,2014.0,1,0.35
74,금호전기(주),001210,2015.0,1,-0.97
75,금호전기(주),001210,2016.0,1,0.62
76,금호전기(주),001210,2017.0,1,-0.1
77,금호전기(주),001210,2018.0,1,-5.34
78,동국제강(주),001230,2013.0,1,0.4
79,동국제강(주),001230,2014.0,0,-0.11
80,남광토건(주),001260,2011.0,1,-3.21
81,남광토건(주),001260,2012.0,1,-5.24
82,남광토건(주),001260,2013.0,1,-1.08
83,남광토건(주),001260,2014.0,1,-1.12
84,남광토건(주),001260,2015.0,1,-4.46
85,남광토건(주),001260,2016.0,0,-29.21
86,백광산업(주),001340,2014.0,0,-3.33
87,삼성제약(주),001360,2012.0,1,0.16
88,삼성제약(주),001360,2013.0,1,-4.21
89,삼성제약(주),001360,2014.0,1,-13.34
90,삼성제약(주),001360,2015.0,1,-0.62
91,삼성제약(주),001360,2016.0,1,-2.74
92,삼성제약(주),001360,2017.0,1,-2.66
93,삼성제약(주),001360,2018.0,1,-3.53
94,(주)에스지글로벌,001380,2015.0,0,-2.56
95,대한전선(주),001440,2011.0,1,-0.15
96,대한전선(주),001440,2012.0,1,-0.43
97,대한전선(주),001440,2013.0,1,-1.69
98,대한전선(주),001440,2014.0,1,0.24
99,대한전선(주),001440,2015.0,0,0.5
100,삼부토건(주),001470,2011.0,1,-4.42
101,삼부토건(주),001470,2012.0,1,-0.45
102,삼부토건(주),001470,2013.0,1,-0.37
103,삼부토건(주),001470,2014.0,1,-1.05
104,삼부토건(주),001470,2015.0,1,-0.67
105,삼부토건(주),001470,2016.0,1,-9.25
106,삼부토건(주),001470,2017.0,1,-9.69
107,삼부토건(주),001470,2018.0,0,-4.87
108,(주)동양,001520,2011.0,1,-0.13
109,(주)동양,001520,2012.0,1,0.34
110,(주)동양,001520,2013.0,1,-0.12
111,(주)동양,001520,2014.0,0,0.48
112,(주)조비,001550,2011.0,1,-2.7
113,(주)조비,001550,2012.0,0,-0.69
114,케이비아이동국실업(주),001620,2018.0,1,-1.68
115,(주)신화다이나믹스,001770,2017.0,0,-3.14
116,(주)알루코,001780,2012.0,0,0.39
117,디엘건설(주),001880,2011.0,1,-0.92
118,디엘건설(주),001880,2012.0,0,0.66
119,한국유리공업(주),002000,2013.0,0,-14.32
120,(주)코오롱,002020,2013.0,1,0.73
121,(주)코오롱,002020,2014.0,1,0.8
122,(주)코오롱,002020,2015.0,0,0.63
123,(주)비비안,002070,2013.0,1,-3.13
124,(주)비비안,002070,2014.0,1,-8.39
125,(주)비비안,002070,2015.0,1,-8.87
126,(주)비비안,002070,2016.0,1,-3.86
127,(주)비비안,002070,2017.0,1,-2.59
128,(주)비비안,002070,2018.0,1,-7.86
129,동성제약(주),002210,2014.0,1,-1.17
130,동성제약(주),002210,2015.0,1,0.84
131,동성제약(주),002210,2016.0,1,-1.64
132,동성제약(주),002210,2017.0,1,0.65
133,동성제약(주),002210,2018.0,1,-1.07
134,한일철강(주),002220,2011.0,1,0.87
135,한일철강(주),002220,2012.0,1,0.84
136,한일철강(주),002220,2013.0,1,0.53
137,한일철강(주),002220,2014.0,1,-0.55
138,한일철강(주),002220,2015.0,0,-1.82
139,(주)한진,002320,2017.0,1,0.35
140,(주)한진,002320,2018.0,1,0.77
141,범양건영(주),002410,2011.0,1,-7.85
142,범양건영(주),002410,2012.0,1,-4.02
143,범양건영(주),002410,2013.0,1,-2.27
144,범양건영(주),002410,2014.0,1,-21.67
145,범양건영(주),002410,2015.0,1,0.32
146,범양건영(주),002410,2016.0,0,0.67
147,세기상사(주),002420,2011.0,1,-0.54
148,세기상사(주),002420,2012.0,1,-0.44
149,세기상사(주),002420,2013.0,1,-1.97
150,세기상사(주),002420,2014.0,1,-1.9
151,세기상사(주),002420,2015.0,1,-2.05
152,세기상사(주),002420,2016.0,1,-1.7
153,세기상사(주),002420,2017.0,1,-0.9
154,세기상사(주),002420,2018.0,1,-0.91
155,화성산업(주),002460,2011.0,0,-9.78
156,(주)한탑,002680,2014.0,1,-1.01
157,(주)한탑,002680,2015.0,1,0.62
158,(주)한탑,002680,2016.0,1,0.98
159,(주)한탑,002680,2017.0,1,0.03
160,(주)한탑,002680,2018.0,1,0.01
161,신일전자(주),002700,2015.0,0,-8.05
162,(주)TCC스틸,002710,2013.0,1,-0.59
163,(주)TCC스틸,002710,2014.0,0,0.02
164,국제약품(주),002720,2013.0,1,0.75
165,국제약품(주),002720,2014.0,0,-1.03
166,진흥기업(주),002780,2011.0,1,-4.86
167,진흥기업(주),002780,2012.0,1,-0.68
168,진흥기업(주),002780,2013.0,0,-0.15
169,(주)선앤엘,002820,2018.0,1,-1.08
170,신풍,002870,2012.0,1,-7.91
171,신풍,002870,2013.0,1,-5.44
172,신풍,002870,2014.0,1,-29.21
173,신풍,002870,2015.0,0,-29.21
174,(주)대유에이텍,002880,2018.0,0,0.49
175,티와이엠(주),002900,2011.0,0,0.64
176,티와이엠(주),002900,2017.0,1,-0.19
177,티와이엠(주),002900,2018.0,0,-0.49
178,금호건설(주),002990,2011.0,1,0.72
179,금호건설(주),002990,2012.0,0,-1.6
180,(주)혜인,003010,2013.0,0,0.17
181,에이프로젠제약(주),003060,2012.0,1,-5.51
182,에이프로젠제약(주),003060,2013.0,1,-29.21
183,에이프로젠제약(주),003060,2014.0,1,-3.98
184,에이프로젠제약(주),003060,2015.0,1,-2.94
185,에이프로젠제약(주),003060,2016.0,1,-0.06
186,에이프로젠제약(주),003060,2017.0,1,-0.16
187,에이프로젠제약(주),003060,2018.0,1,-0.11
188,코오롱글로벌(주),003070,2013.0,1,0.31
189,코오롱글로벌(주),003070,2014.0,0,0.12
190,(주)디아이,003160,2012.0,0,0.33
191,흥아해운(주),003280,2017.0,1,-0.42
192,흥아해운(주),003280,2018.0,1,-1.16
193,(주)한국화장품제조,003350,2011.0,1,-21.97
194,(주)한국화장품제조,003350,2012.0,1,-3.77
195,(주)한국화장품제조,003350,2013.0,0,-0.4
196,쌍용씨앤이(주),003410,2011.0,0,0.7
197,(주)한진중공업홀딩스,003480,2013.0,1,-3.5
198,(주)한진중공업홀딩스,003480,2014.0,1,-1.8
199,(주)한진중공업홀딩스,003480,2015.0,1,-1.24
200,(주)한진중공업홀딩스,003480,2016.0,1,-21.85
201,(주)한진중공업홀딩스,003480,2017.0,1,-1.21
202,(주)한진중공업홀딩스,003480,2018.0,1,0.51
203,(주)대한항공,003490,2012.0,1,0.55
204,(주)대한항공,003490,2013.0,1,-0.04
205,(주)대한항공,003490,2014.0,0,0.86
206,(주)아이에이치큐,003560,2011.0,0,-1.27
207,(주)아이에이치큐,003560,2014.0,0,-3.99
208,SNT중공업(주),003570,2017.0,0,-29.21
209,에이치엘비글로벌(주),003580,2011.0,1,-5.94
210,에이치엘비글로벌(주),003580,2012.0,1,-2.53
211,에이치엘비글로벌(주),003580,2013.0,1,-2.3
212,에이치엘비글로벌(주),003580,2014.0,0,-0.13
213,에이치엘비글로벌(주),003580,2018.0,1,-1.43
214,쌍용자동차(주),003620,2011.0,1,-15.13
215,쌍용자동차(주),003620,2012.0,1,-11.12
216,쌍용자동차(주),003620,2013.0,1,-1.02
217,쌍용자동차(주),003620,2014.0,1,-29.21
218,쌍용자동차(주),003620,2015.0,0,-27.13
219,쌍용자동차(주),003620,2018.0,1,-29.21
220,삼영화학공업(주),003720,2014.0,1,-12.1
221,삼영화학공업(주),003720,2015.0,1,-10.63
222,삼영화학공업(주),003720,2016.0,1,-6.05
223,삼영화학공업(주),003720,2017.0,1,-11.76
224,삼영화학공업(주),003720,2018.0,1,-6.26
225,대한화섬(주),003830,2013.0,1,-3.72
226,대한화섬(주),003830,2014.0,1,-13.69
227,대한화섬(주),003830,2015.0,1,-7.93
228,대한화섬(주),003830,2016.0,0,-1.31
229,남양유업(주),003920,2014.0,0,-29.21
230,롯데정밀화학(주),004000,2014.0,1,-1.34
231,롯데정밀화학(주),004000,2015.0,0,0.19
232,(주)에스지세계물산,004060,2013.0,1,-5.63
233,(주)에스지세계물산,004060,2014.0,0,-14.52
234,(주)동방,004140,2014.0,0,-0.03
235,(주)남성,004270,2012.0,1,-0.01
236,(주)남성,004270,2013.0,1,0.39
237,(주)남성,004270,2014.0,1,0.41
238,(주)남성,004270,2015.0,0,0.65
239,서울식품공업(주),004410,2011.0,0,-0.59
240,깨끗한나라(주),004540,2018.0,1,-3.58
241,한솔테크닉스(주),004710,2012.0,1,-3.12
242,한솔테크닉스(주),004710,2013.0,1,-0.77
243,한솔테크닉스(주),004710,2014.0,0,0.81
244,팜젠사이언스(주),004720,2012.0,1,-5.58
245,팜젠사이언스(주),004720,2013.0,1,-8.94
246,팜젠사이언스(주),004720,2014.0,0,-4.2
247,(주)보루네오가구,004740,2012.0,1,-5.56
248,(주)보루네오가구,004740,2013.0,1,-5.22
249,(주)보루네오가구,004740,2014.0,1,-9.61
250,써니전자(주),004770,2011.0,1,-5.8
251,써니전자(주),004770,2012.0,1,-6.05
252,써니전자(주),004770,2013.0,1,-5.81
253,써니전자(주),004770,2014.0,0,-0.54
254,(주)티웨이홀딩스,004870,2011.0,1,-1.95
255,(주)티웨이홀딩스,004870,2012.0,0,-4.47
256,(주)씨아이테크,004920,2011.0,1,-29.21
257,(주)씨아이테크,004920,2012.0,1,-29.21
258,(주)씨아이테크,004920,2013.0,1,-5.7
259,(주)씨아이테크,004920,2014.0,0,-3.74
260,(주)씨아이테크,004920,2017.0,1,-5.71
261,(주)씨아이테크,004920,2018.0,1,-3.53
262,한신공영(주),004960,2011.0,1,0.73
263,한신공영(주),004960,2012.0,0,0.92
264,성신양회(주),004980,2011.0,1,0.15
265,성신양회(주),004980,2012.0,0,0.34
266,부산주공(주),005030,2013.0,0,-0.03
267,부산주공(주),005030,2016.0,1,-1.53
268,부산주공(주),005030,2017.0,1,-0.34
269,부산주공(주),005030,2018.0,1,-0.8
270,코스모신소재(주),005070,2012.0,1,-1.95
271,코스모신소재(주),005070,2013.0,1,-29.21
272,코스모신소재(주),005070,2014.0,1,-1.49
273,코스모신소재(주),005070,2015.0,1,-0.93
274,코스모신소재(주),005070,2016.0,0,0.74
275,에스지씨에너지(주),005090,2017.0,1,-1.29
276,(주)한창,005110,2011.0,0,-2.77
277,코스모화학(주),005420,2013.0,1,-0.8
278,코스모화학(주),005420,2014.0,1,-1.73
279,코스모화학(주),005420,2015.0,1,-1.93
280,코스모화학(주),005420,2016.0,0,-0.79
281,(주)신한,005450,2012.0,1,-1.9
282,(주)신한,005450,2013.0,0,-1.3
283,(주)신한,005450,2016.0,0,-3.1
284,(주)대성합동지주,005620,2012.0,1,0.21
285,(주)대성합동지주,005620,2013.0,1,-0.94
286,(주)대성합동지주,005620,2014.0,1,-0.13
287,파미셀(주),005690,2011.0,1,-9.14
288,파미셀(주),005690,2012.0,1,-7.3
289,파미셀(주),005690,2013.0,1,-3.9
290,파미셀(주),005690,2014.0,1,-9.23
291,파미셀(주),005690,2015.0,1,-12.41
292,파미셀(주),005690,2016.0,1,-10.05
293,파미셀(주),005690,2017.0,0,-29.21
294,대림비앤코(주),005750,2011.0,1,0.62
295,대림비앤코(주),005750,2012.0,1,-1.23
296,대림비앤코(주),005750,2013.0,0,0.42
297,한일사료(주),005860,2018.0,0,0.67
298,(주)휴니드테크놀러지스,005870,2011.0,1,0.06
299,(주)휴니드테크놀러지스,005870,2012.0,1,-1.46
300,(주)휴니드테크놀러지스,005870,2013.0,1,0.09
301,(주)휴니드테크놀러지스,005870,2014.0,0,0.17
302,대한해운(주),005880,2011.0,1,-1.85
303,대한해운(주),005880,2012.0,0,-0.84
304,(주)이수화학,005950,2014.0,1,-0.99
305,(주)이수화학,005950,2015.0,0,0.0
306,동부건설(주),005960,2011.0,1,-1.3
307,동부건설(주),005960,2012.0,1,0.66
308,동부건설(주),005960,2013.0,1,-1.0
309,동부건설(주),005960,2014.0,1,-3.53
310,동부건설(주),005960,2015.0,0,-1.9
311,(주)국영지앤엠,006050,2012.0,0,-4.57
312,(주)사조오양,006090,2014.0,0,-1.68
313,삼아알미늄(주),006110,2014.0,1,0.1
314,삼아알미늄(주),006110,2015.0,0,-0.79
315,(주)한국전자홀딩스,006200,2011.0,1,-0.35
316,(주)한국전자홀딩스,006200,2012.0,1,-11.91
317,(주)한국전자홀딩스,006200,2013.0,1,-1.78
318,(주)한국전자홀딩스,006200,2014.0,1,-0.24
319,(주)한국전자홀딩스,006200,2015.0,1,-2.26
320,(주)한국전자홀딩스,006200,2016.0,0,-7.73
321,지에스건설(주),006360,2014.0,0,0.44
322,(주)카프로,006380,2013.0,1,-18.79
323,(주)카프로,006380,2014.0,1,-15.05
324,(주)카프로,006380,2015.0,1,-7.89
325,(주)카프로,006380,2016.0,0,-3.1
326,한일현대시멘트(주),006390,2011.0,1,0.28
327,한일현대시멘트(주),006390,2012.0,0,0.0
328,삼성SDI(주),006400,2016.0,0,-26.36
329,(주)인스코비,006490,2011.0,1,-29.21
330,(주)인스코비,006490,2012.0,1,-29.21
331,(주)인스코비,006490,2013.0,1,-29.21
332,(주)인스코비,006490,2014.0,1,-29.21
333,(주)인스코비,006490,2015.0,1,-4.39
334,(주)인스코비,006490,2016.0,1,-1.74
335,(주)인스코비,006490,2017.0,0,-1.45
336,대림통상(주),006570,2012.0,1,-0.1
337,대림통상(주),006570,2013.0,1,0.23
338,대림통상(주),006570,2014.0,1,0.61
339,대림통상(주),006570,2015.0,0,-0.61
340,대림통상(주),006570,2018.0,1,-0.43
341,(주)서부티엔디,006730,2011.0,1,0.88
342,(주)서부티엔디,006730,2012.0,1,0.7
343,(주)서부티엔디,006730,2013.0,0,0.9
344,(주)서부티엔디,006730,2018.0,1,0.0
345,신송홀딩스(주),006880,2017.0,1,-0.92
346,신송홀딩스(주),006880,2018.0,1,-2.43
347,보성파워텍(주),006910,2014.0,0,-2.57
348,보성파워텍(주),006910,2017.0,1,-23.59
349,보성파워텍(주),006910,2018.0,1,-1.39
350,(주)우성,006980,2018.0,1,-2.18
351,(주)일신석재,007110,2015.0,1,-5.83
352,(주)일신석재,007110,2016.0,0,-6.6
353,(주)미래아이앤지,007120,2014.0,1,-8.49
354,(주)미래아이앤지,007120,2015.0,1,-3.16
355,(주)미래아이앤지,007120,2016.0,1,-29.21
356,(주)미래아이앤지,007120,2017.0,1,-29.21
357,(주)미래아이앤지,007120,2018.0,0,-29.21
358,한솔아트원제지(주),007190,2012.0,1,0.56
359,한솔아트원제지(주),007190,2013.0,1,0.79
360,(주)한국특강,007280,2013.0,1,0.0
361,(주)한국특강,007280,2014.0,1,0.11
362,(주)한국특강,007280,2015.0,1,-1.2
363,(주)한국특강,007280,2016.0,1,-0.76
364,(주)한국특강,007280,2017.0,1,0.87
365,(주)한국특강,007280,2018.0,1,0.46
366,진양제약(주),007370,2016.0,1,-29.21
367,진양제약(주),007370,2017.0,0,-12.35
368,(주)네이처셀,007390,2012.0,0,-0.67
369,(주)네이처셀,007390,2015.0,1,-2.61
370,(주)네이처셀,007390,2016.0,1,-7.91
371,(주)네이처셀,007390,2017.0,0,-0.81
372,(주)에이프로젠,007460,2011.0,0,-1.35
373,영신금속공업(주),007530,2017.0,0,-2.79
374,(주)폴루스바이오팜,007630,2012.0,1,0.99
375,(주)폴루스바이오팜,007630,2013.0,0,-3.62
376,(주)폴루스바이오팜,007630,2016.0,1,-4.42
377,(주)폴루스바이오팜,007630,2017.0,1,-4.94
378,(주)폴루스바이오팜,007630,2018.0,1,-0.44
379,(주)이수페타시스,007660,2018.0,1,0.82
380,(주)대명소노시즌,007720,2012.0,0,-12.1
381,(주)대명소노시즌,007720,2016.0,0,0.23
382,(주)서연,007860,2018.0,0,0.2
383,사조동아원(주),008040,2012.0,1,0.35
384,사조동아원(주),008040,2013.0,1,0.15
385,사조동아원(주),008040,2014.0,1,-0.85
386,사조동아원(주),008040,2015.0,0,0.11
387,이건산업(주),008250,2011.0,0,0.88
388,(주)남선알미늄,008350,2012.0,0,-0.73
389,일정실업(주),008500,2018.0,1,-29.21
390,아남전자(주),008700,2012.0,1,-0.49
391,아남전자(주),008700,2013.0,1,0.39
392,아남전자(주),008700,2014.0,1,-1.32
393,아남전자(주),008700,2015.0,0,-6.45
394,(주)행남사,008800,2012.0,0,-1.57
395,(주)행남사,008800,2015.0,1,0.24
396,(주)행남사,008800,2016.0,1,-3.52
397,(주)행남사,008800,2017.0,1,-5.24
398,(주)행남사,008800,2018.0,1,-3.59
399,대동기어(주),008830,2013.0,1,0.28
400,대동기어(주),008830,2014.0,1,0.15
401,대동기어(주),008830,2015.0,1,0.16
402,대동기어(주),008830,2016.0,0,-1.49
403,(주)티이씨앤코,008900,2012.0,1,-5.88
404,(주)티이씨앤코,008900,2013.0,0,-1.04
405,동양철관(주),008970,2014.0,0,-3.4
406,동양철관(주),008970,2017.0,1,-3.32
407,동양철관(주),008970,2018.0,0,-2.35
408,(주)대양금속,009190,2011.0,1,-1.84
409,(주)대양금속,009190,2012.0,1,-2.2
410,(주)대양금속,009190,2013.0,1,-0.66
411,(주)대양금속,009190,2014.0,1,-1.83
412,(주)대양금속,009190,2015.0,0,-0.99
413,(주)신원,009270,2012.0,0,0.08
414,(주)신원,009270,2018.0,0,0.23
415,대우전자부품(주),009320,2011.0,1,-3.3
416,대우전자부품(주),009320,2012.0,1,-2.98
417,대우전자부품(주),009320,2013.0,0,-1.64
418,한올바이오파마(주),009420,2012.0,1,-1.29
419,한올바이오파마(주),009420,2013.0,1,-9.45
420,한올바이오파마(주),009420,2014.0,1,0.82
421,한올바이오파마(주),009420,2015.0,0,-6.29
422,삼화전기(주),009470,2012.0,0,0.64
423,(주)포스코엠텍,009520,2014.0,0,-3.21
424,한국조선해양(주),009540,2015.0,0,-7.25
425,한국조선해양(주),009540,2018.0,0,-3.77
426,삼보산업(주),009620,2014.0,0,0.32
427,삼보산업(주),009620,2017.0,1,-0.57
428,삼보산업(주),009620,2018.0,1,0.5
429,(주)코센,009730,2012.0,0,-2.47
430,(주)코센,009730,2017.0,1,0.77
431,(주)코센,009730,2018.0,1,-0.25
432,(주)플레이그램,009810,2013.0,1,-29.21
433,(주)플레이그램,009810,2014.0,1,-29.21
434,(주)플레이그램,009810,2015.0,1,-2.42
435,(주)플레이그램,009810,2016.0,1,-12.83
436,(주)플레이그램,009810,2017.0,1,-4.17
437,(주)플레이그램,009810,2018.0,1,-4.49
438,한화솔루션(주),009830,2013.0,1,0.44
439,한화솔루션(주),009830,2014.0,0,0.66
440,OCI(주),010060,2014.0,1,0.48
441,OCI(주),010060,2015.0,0,-1.95
442,한국프랜지공업(주),010100,2018.0,0,0.24
443,삼성중공업(주),010140,2016.0,1,-2.14
444,삼성중공업(주),010140,2017.0,1,-10.11
445,삼성중공업(주),010140,2018.0,1,-3.34
446,대한광통신(주),010170,2014.0,1,0.21
447,대한광통신(주),010170,2015.0,1,-1.01
448,대한광통신(주),010170,2016.0,0,-0.46
449,쌍용정보통신(주),010280,2015.0,1,-29.21
450,쌍용정보통신(주),010280,2016.0,1,-6.1
451,쌍용정보통신(주),010280,2017.0,0,-29.21
452,(주)에스엠벡셀,010580,2011.0,1,-0.11
453,(주)에스엠벡셀,010580,2012.0,1,-4.4
454,(주)에스엠벡셀,010580,2013.0,1,-1.72
455,(주)에스엠벡셀,010580,2014.0,1,-0.54
456,(주)에스엠벡셀,010580,2015.0,1,0.06
457,(주)에스엠벡셀,010580,2016.0,1,-3.07
458,(주)에스엠벡셀,010580,2017.0,0,-1.54
459,웰바이오텍(주),010600,2017.0,1,-8.77
460,웰바이오텍(주),010600,2018.0,1,-2.72
461,(주)현대미포조선,010620,2014.0,0,-29.21
462,진양폴리우레탄(주),010640,2017.0,0,-7.26
463,(주)화신,010690,2018.0,1,-1.28
464,평화홀딩스(주),010770,2012.0,1,0.53
465,평화홀딩스(주),010770,2013.0,1,0.55
466,평화홀딩스(주),010770,2014.0,1,0.27
467,평화홀딩스(주),010770,2015.0,0,0.45
468,평화홀딩스(주),010770,2018.0,1,-2.01
469,퍼스텍(주),010820,2017.0,1,0.69
470,퍼스텍(주),010820,2018.0,1,-24.34
471,진원생명과학(주),011000,2011.0,1,-21.59
472,진원생명과학(주),011000,2012.0,1,-7.16
473,진원생명과학(주),011000,2013.0,1,-7.69
474,진원생명과학(주),011000,2014.0,1,-29.21
475,진원생명과학(주),011000,2015.0,1,-29.21
476,진원생명과학(주),011000,2016.0,1,-11.3
477,진원생명과학(주),011000,2017.0,1,-13.49
478,진원생명과학(주),011000,2018.0,1,-8.09
479,LG이노텍(주),011070,2012.0,0,0.71
480,(주)형지아이앤씨,011080,2011.0,1,-10.34
481,(주)형지아이앤씨,011080,2012.0,0,-17.89
482,(주)형지아이앤씨,011080,2016.0,1,-0.51
483,(주)형지아이앤씨,011080,2017.0,1,-5.44
484,(주)형지아이앤씨,011080,2018.0,1,-0.51
485,두산건설(주),011160,2012.0,1,-2.12
486,두산건설(주),011160,2013.0,1,0.33
487,두산건설(주),011160,2014.0,1,0.97
488,두산건설(주),011160,2015.0,1,-1.05
489,두산건설(주),011160,2016.0,1,0.13
490,두산건설(주),011160,2017.0,1,0.69
491,에이치엠엠(주),011200,2012.0,1,-1.56
492,에이치엠엠(주),011200,2013.0,1,-1.07
493,에이치엠엠(주),011200,2014.0,1,-0.82
494,에이치엠엠(주),011200,2015.0,1,-0.95
495,에이치엠엠(주),011200,2016.0,1,-4.31
496,에이치엠엠(주),011200,2017.0,1,-2.45
497,에이치엠엠(주),011200,2018.0,1,-3.32
498,현대위아(주),011210,2018.0,0,0.08
499,삼화전자공업(주),011230,2011.0,1,-2.25
500,삼화전자공업(주),011230,2012.0,1,-1.84
501,삼화전자공업(주),011230,2013.0,1,-0.27
502,삼화전자공업(주),011230,2014.0,1,-1.0
503,삼화전자공업(주),011230,2015.0,1,-3.75
504,삼화전자공업(주),011230,2016.0,1,-0.03
505,삼화전자공업(주),011230,2017.0,1,-0.82
506,삼화전자공업(주),011230,2018.0,1,-3.08
507,(주)성안,011300,2013.0,1,0.46
508,(주)성안,011300,2014.0,1,0.0
509,(주)성안,011300,2015.0,1,-0.06
510,(주)성안,011300,2016.0,1,-1.72
511,(주)성안,011300,2017.0,1,-1.19
512,(주)성안,011300,2018.0,1,-2.25
513,부산산업(주),011390,2011.0,1,0.99
514,부산산업(주),011390,2012.0,0,-0.71
515,(주)갤럭시아에스엠,011420,2017.0,1,-29.21
516,(주)갤럭시아에스엠,011420,2018.0,1,-29.21
517,(주)와이투솔루션,011690,2012.0,1,0.47
518,(주)와이투솔루션,011690,2013.0,0,-0.17
519,(주)와이투솔루션,011690,2017.0,1,-1.04
520,(주)와이투솔루션,011690,2018.0,1,-2.58
521,현대페인트(주),011720,2012.0,1,-2.61
522,현대페인트(주),011720,2013.0,1,-3.42
523,(주)STX,011810,2013.0,1,-10.71
524,(주)STX,011810,2014.0,1,0.76
525,(주)STX,011810,2015.0,1,-0.84
526,(주)STX,011810,2016.0,0,-0.91
527,(주)신성이엔지,011930,2012.0,1,-3.08
528,(주)신성이엔지,011930,2013.0,1,-1.04
529,(주)신성이엔지,011930,2014.0,1,-0.28
530,(주)신성이엔지,011930,2015.0,1,0.78
531,(주)신성이엔지,011930,2016.0,1,-1.15
532,(주)신성이엔지,011930,2017.0,1,-0.52
533,(주)신성이엔지,011930,2018.0,1,-0.36
534,(주)디비아이엔씨,012030,2011.0,0,0.7
535,(주)영흥,012160,2017.0,1,0.56
536,(주)영흥,012160,2018.0,0,-0.71
537,(주)아센디오,012170,2013.0,1,-4.15
538,(주)아센디오,012170,2014.0,1,-3.38
539,(주)아센디오,012170,2015.0,1,-1.05
540,(주)아센디오,012170,2016.0,1,-3.15
541,(주)아센디오,012170,2017.0,1,-1.15
542,(주)아센디오,012170,2018.0,1,-3.29
543,(주)뉴인텍,012340,2012.0,1,-3.18
544,(주)뉴인텍,012340,2013.0,1,-1.14
545,(주)뉴인텍,012340,2014.0,1,-3.15
546,(주)뉴인텍,012340,2015.0,1,-0.66
547,(주)뉴인텍,012340,2016.0,1,-9.04
548,(주)뉴인텍,012340,2017.0,1,-1.93
549,(주)뉴인텍,012340,2018.0,1,-3.18
550,한화에어로스페이스(주),012450,2015.0,0,-3.59
551,(주)센트럴인사이트,012600,2011.0,1,-15.07
552,(주)센트럴인사이트,012600,2012.0,1,-5.87
553,(주)센트럴인사이트,012600,2013.0,1,-6.5
554,(주)센트럴인사이트,012600,2014.0,1,-3.23
555,(주)센트럴인사이트,012600,2015.0,1,-1.92
556,(주)센트럴인사이트,012600,2016.0,1,-1.85
557,(주)센트럴인사이트,012600,2017.0,1,-2.46
558,(주)센트럴인사이트,012600,2018.0,1,-2.23
559,(주)대창,012800,2013.0,1,0.06
560,(주)대창,012800,2014.0,1,0.88
561,(주)대창,012800,2015.0,0,-1.99
562,(주)모베이스전자,012860,2018.0,1,0.15
563,계룡건설산업(주),013580,2014.0,0,-4.23
564,(주)까뮤이앤씨,013700,2012.0,1,0.46
565,(주)까뮤이앤씨,013700,2013.0,1,-0.14
566,(주)까뮤이앤씨,013700,2014.0,0,0.4
567,씨비아이(주),013720,2017.0,1,-0.94
568,씨비아이(주),013720,2018.0,0,0.53
569,(주)스페코,013810,2011.0,0,-0.41
570,(주)아가방앤컴퍼니,013990,2015.0,0,0.58
571,(주)아가방앤컴퍼니,013990,2018.0,1,-29.21
572,메디앙스(주),014100,2012.0,1,-0.36
573,메디앙스(주),014100,2013.0,0,-4.17
574,(주)원익큐브,014190,2013.0,0,0.94
575,(주)광림,014200,2015.0,1,0.43
576,(주)광림,014200,2016.0,1,0.16
577,(주)광림,014200,2017.0,1,-3.19
578,(주)광림,014200,2018.0,1,-0.23
579,(주)성광벤드,014620,2018.0,0,-29.21
580,에이치엘디앤아이한라(주),014790,2013.0,1,-2.32
581,에이치엘디앤아이한라(주),014790,2014.0,1,0.38
582,에이치엘디앤아이한라(주),014790,2015.0,0,0.34
583,성문전자(주),014910,2013.0,1,-12.18
584,성문전자(주),014910,2014.0,1,-4.69
585,성문전자(주),014910,2015.0,1,-3.94
586,성문전자(주),014910,2016.0,1,-2.47
587,성문전자(주),014910,2017.0,0,-2.22
588,(주)오리엔탈정공,014940,2012.0,1,-3.42
589,(주)오리엔탈정공,014940,2013.0,1,0.32
590,(주)오리엔탈정공,014940,2014.0,1,-4.71
591,(주)오리엔탈정공,014940,2015.0,1,-0.74
592,(주)오리엔탈정공,014940,2016.0,1,0.28
593,(주)오리엔탈정공,014940,2017.0,1,0.62
594,(주)오리엔탈정공,014940,2018.0,0,-0.42
595,(주)인디에프,014990,2011.0,1,-3.54
596,(주)인디에프,014990,2012.0,1,-2.03
597,(주)인디에프,014990,2013.0,1,-1.88
598,(주)인디에프,014990,2014.0,1,-2.24
599,(주)인디에프,014990,2015.0,1,-4.31
600,(주)인디에프,014990,2016.0,0,-6.89
601,(주)이스타코,015020,2011.0,1,-0.68
602,(주)이스타코,015020,2012.0,0,-1.07
603,(주)이스타코,015020,2015.0,1,-2.39
604,(주)이스타코,015020,2016.0,1,-1.75
605,(주)이스타코,015020,2017.0,1,0.01
606,(주)이스타코,015020,2018.0,0,-1.01
607,(주)에이엔피,015260,2017.0,1,-3.92
608,(주)에이엔피,015260,2018.0,1,-1.92
609,(주)쎌마테라퓨틱스,015540,2011.0,1,-6.83
610,(주)쎌마테라퓨틱스,015540,2012.0,1,-13.71
611,(주)쎌마테라퓨틱스,015540,2013.0,1,-29.21
612,(주)쎌마테라퓨틱스,015540,2014.0,1,-29.21
613,(주)쎌마테라퓨틱스,015540,2015.0,1,-9.64
614,(주)쎌마테라퓨틱스,015540,2016.0,1,-2.49
615,(주)쎌마테라퓨틱스,015540,2017.0,1,-11.62
616,(주)쎌마테라퓨틱스,015540,2018.0,1,-15.27
617,(주)큐로,015590,2015.0,1,-2.02
618,(주)큐로,015590,2016.0,0,-2.37
619,한국전력공사(주),015760,2011.0,1,-0.32
620,한국전력공사(주),015760,2012.0,1,-0.35
621,한국전력공사(주),015760,2013.0,0,0.64
622,일진홀딩스(주),015860,2012.0,0,-0.42
623,일진홀딩스(주),015860,2017.0,0,0.63
624,(주)리더스코스메틱,016100,2018.0,1,-5.07
625,KG스틸(주),016380,2011.0,1,0.12
626,KG스틸(주),016380,2012.0,1,0.08
627,KG스틸(주),016380,2013.0,1,0.13
628,KG스틸(주),016380,2014.0,1,-0.85
629,KG스틸(주),016380,2015.0,1,0.45
630,KG스틸(주),016380,2016.0,1,0.83
631,KG스틸(주),016380,2017.0,1,-0.08
632,KG스틸(주),016380,2018.0,1,-0.12
633,(주)웅진,016880,2011.0,1,-0.73
634,(주)웅진,016880,2012.0,1,-2.49
635,(주)웅진,016880,2013.0,1,-0.23
636,(주)웅진,016880,2014.0,0,0.18
637,(주)카스,016920,2015.0,1,0.26
638,(주)카스,016920,2016.0,0,0.94
639,신원종합개발(주),017000,2011.0,0,0.66
640,명문제약(주),017180,2015.0,0,-0.74
641,서울도시가스(주),017390,2016.0,0,-22.46
642,(주)데코앤이,017680,2012.0,1,-1.09
643,(주)데코앤이,017680,2013.0,1,-1.81
644,(주)데코앤이,017680,2014.0,1,-7.23
645,(주)데코앤이,017680,2015.0,1,-2.95
646,(주)데코앤이,017680,2016.0,1,-7.42
647,광전자(주),017900,2012.0,1,-3.78
648,광전자(주),017900,2013.0,1,-17.15
649,광전자(주),017900,2014.0,1,-29.21
650,광전자(주),017900,2015.0,1,-29.21
651,광전자(주),017900,2016.0,0,-29.21
652,(주)이원,017940,2016.0,0,0.24
653,유니슨(주),018000,2011.0,1,-1.48
654,유니슨(주),018000,2012.0,1,-0.13
655,유니슨(주),018000,2013.0,1,-2.65
656,유니슨(주),018000,2014.0,1,0.21
657,유니슨(주),018000,2015.0,1,0.35
658,유니슨(주),018000,2016.0,0,-1.33
659,(주)브이티지엠피,018290,2011.0,1,-0.54
660,(주)브이티지엠피,018290,2012.0,1,-1.25
661,(주)브이티지엠피,018290,2013.0,1,0.48
662,(주)브이티지엠피,018290,2014.0,1,0.12
663,(주)브이티지엠피,018290,2015.0,1,-3.42
664,(주)브이티지엠피,018290,2016.0,1,-3.97
665,(주)브이티지엠피,018290,2017.0,0,-3.18
666,조일알미늄(주),018470,2015.0,1,-3.11
667,조일알미늄(주),018470,2016.0,1,-0.87
668,조일알미늄(주),018470,2017.0,1,-0.15
669,조일알미늄(주),018470,2018.0,1,-1.83
670,우진비앤지(주),018620,2016.0,1,0.46
671,우진비앤지(주),018620,2017.0,1,-3.14
672,우진비앤지(주),018620,2018.0,0,-3.6
673,(주)서울제약,018680,2016.0,1,-0.95
674,(주)서울제약,018680,2017.0,1,-3.14
675,(주)서울제약,018680,2018.0,0,-3.37
676,베뉴지(주),019010,2011.0,1,0.56
677,베뉴지(주),019010,2012.0,1,-0.21
678,베뉴지(주),019010,2013.0,1,-0.07
679,베뉴지(주),019010,2014.0,1,0.37
680,베뉴지(주),019010,2015.0,1,0.11
681,베뉴지(주),019010,2016.0,1,0.96
682,베뉴지(주),019010,2017.0,1,0.35
683,베뉴지(주),019010,2018.0,0,0.54
684,(주)티에이치엔,019180,2013.0,1,-4.34
685,(주)티에이치엔,019180,2014.0,1,0.09
686,(주)티에이치엔,019180,2015.0,0,0.9
687,(주)하이트론씨스템즈,019490,2011.0,1,-6.23
688,(주)하이트론씨스템즈,019490,2012.0,1,-22.7
689,(주)하이트론씨스템즈,019490,2013.0,1,-29.21
690,(주)하이트론씨스템즈,019490,2014.0,1,-29.21
691,(주)하이트론씨스템즈,019490,2015.0,1,-29.21
692,(주)하이트론씨스템즈,019490,2016.0,1,-29.21
693,(주)하이트론씨스템즈,019490,2017.0,1,-29.21
694,(주)하이트론씨스템즈,019490,2018.0,1,-2.35
695,(주)일지테크,019540,2018.0,1,0.27
696,글로본(주),019660,2018.0,1,0.93
697,(주)키다리스튜디오,020120,2011.0,1,-4.0
698,(주)키다리스튜디오,020120,2012.0,0,-15.24
699,일진머티리얼즈(주),020150,2013.0,1,-5.04
700,일진머티리얼즈(주),020150,2014.0,1,-5.19
701,일진머티리얼즈(주),020150,2015.0,0,-10.49
702,아시아나항공(주),020560,2014.0,1,0.64
703,아시아나항공(주),020560,2015.0,0,0.56
704,(주)시공테크,020710,2016.0,0,-29.21
705,일진디스플레이(주),020760,2016.0,0,-23.88
706,(주)대호특수강,021040,2012.0,1,-0.45
707,(주)대호특수강,021040,2013.0,0,0.83
708,(주)서원,021050,2012.0,1,0.58
709,(주)서원,021050,2013.0,1,-0.32
710,(주)서원,021050,2014.0,1,0.83
711,(주)서원,021050,2015.0,0,-1.44
712,(주)케이씨씨건설,021320,2013.0,1,-3.23
713,(주)케이씨씨건설,021320,2014.0,1,0.05
714,(주)케이씨씨건설,021320,2015.0,0,-7.69
715,티케이지애강(주),022220,2012.0,1,-0.46
716,티케이지애강(주),022220,2013.0,1,-0.37
717,티케이지애강(주),022220,2014.0,0,-2.32
718,(주)한국종합기술,023350,2018.0,1,-3.58
719,유진기업(주),023410,2011.0,1,-0.36
720,유진기업(주),023410,2012.0,0,0.08
721,아이이(주),023430,2012.0,0,-13.11
722,제이스코홀딩스(주),023440,2011.0,1,-2.13
723,제이스코홀딩스(주),023440,2012.0,1,-3.73
724,제이스코홀딩스(주),023440,2013.0,1,-3.01
725,제이스코홀딩스(주),023440,2014.0,1,0.11
726,제이스코홀딩스(주),023440,2015.0,1,-2.8
727,제이스코홀딩스(주),023440,2016.0,0,0.31
728,(주)플레이위드,023770,2011.0,1,-7.92
729,(주)플레이위드,023770,2012.0,1,-1.55
730,(주)플레이위드,023770,2013.0,0,-3.29
731,동일철강(주),023790,2012.0,1,-1.77
732,동일철강(주),023790,2013.0,1,-0.66
733,동일철강(주),023790,2014.0,1,-3.11
734,동일철강(주),023790,2015.0,0,-3.37
735,동일철강(주),023790,2018.0,1,-1.43
736,에쓰씨엔지니어링(주),023960,2012.0,1,0.53
737,에쓰씨엔지니어링(주),023960,2013.0,1,-1.61
738,에쓰씨엔지니어링(주),023960,2014.0,1,-2.76
739,에쓰씨엔지니어링(주),023960,2015.0,1,0.34
740,에쓰씨엔지니어링(주),023960,2016.0,1,-1.36
741,에쓰씨엔지니어링(주),023960,2017.0,1,0.63
742,에쓰씨엔지니어링(주),023960,2018.0,1,-0.51
743,한일단조공업(주),024740,2018.0,0,0.14
744,(주)유성티엔에스,024800,2012.0,0,0.41
745,이화전기공업(주),024810,2012.0,1,-2.9
746,이화전기공업(주),024810,2013.0,1,-2.01
747,이화전기공업(주),024810,2014.0,0,-3.6
748,(주)세원물산,024830,2013.0,1,-9.4
749,(주)세원물산,024830,2014.0,0,-29.21
750,케이비아이메탈(주),024840,2011.0,1,0.59
751,케이비아이메탈(주),024840,2012.0,0,0.31
752,케이비아이메탈(주),024840,2015.0,0,-0.98
753,(주)피에스엠씨,024850,2011.0,0,-5.98
754,(주)피에스엠씨,024850,2015.0,1,-29.21
755,대원화성(주),024890,2011.0,1,-1.14
756,대원화성(주),024890,2012.0,0,0.23
757,경창산업(주),024910,2012.0,0,0.94
758,삼천리자전거(주),024950,2018.0,1,-7.63
759,(주)대성엘텍,025440,2012.0,1,0.62
760,(주)대성엘텍,025440,2013.0,0,-0.49
761,미래산업(주),025560,2012.0,1,-3.88
762,미래산업(주),025560,2013.0,1,-0.54
763,미래산업(주),025560,2014.0,1,-5.97
764,미래산업(주),025560,2015.0,1,-2.76
765,미래산업(주),025560,2016.0,1,-29.21
766,미래산업(주),025560,2017.0,1,-8.44
767,미래산업(주),025560,2018.0,1,-8.02
768,제이준코스메틱(주),025620,2011.0,1,-4.92
769,제이준코스메틱(주),025620,2012.0,1,-2.63
770,제이준코스메틱(주),025620,2013.0,1,-5.61
771,제이준코스메틱(주),025620,2014.0,1,-5.93
772,제이준코스메틱(주),025620,2015.0,0,-15.35
773,이구산업(주),025820,2011.0,1,0.92
774,이구산업(주),025820,2012.0,1,-0.82
775,이구산업(주),025820,2013.0,1,-1.33
776,이구산업(주),025820,2014.0,1,0.77
777,이구산업(주),025820,2015.0,0,-1.7
778,한화화인케미칼(주),025850,2012.0,1,-6.25
779,한화화인케미칼(주),025850,2013.0,1,-29.21
780,남해화학(주),025860,2012.0,0,-8.95
781,(주)케이씨피드,025880,2015.0,0,-0.31
782,한국주강(주),025890,2017.0,1,-29.21
783,한국주강(주),025890,2018.0,1,-20.38
784,동화기업(주),025900,2013.0,0,-0.17
785,(주)아난티,025980,2012.0,1,-0.54
786,(주)아난티,025980,2013.0,0,-0.66
787,(주)제이에스티나,026040,2018.0,1,-1.53
788,(주)특수건설,026150,2012.0,1,0.38
789,(주)특수건설,026150,2013.0,1,-2.3
790,(주)특수건설,026150,2014.0,0,-6.59
791,현대정보기술(주),026180,2012.0,1,-1.73
792,현대정보기술(주),026180,2013.0,1,-5.05
793,현대정보기술(주),026180,2014.0,1,-1.99
794,현대정보기술(주),026180,2015.0,0,0.54
795,(주)위너지스,026260,2012.0,1,-4.41
796,(주)위너지스,026260,2013.0,1,-0.93
797,(주)위너지스,026260,2014.0,1,-29.21
798,(주)위너지스,026260,2015.0,1,-4.64
799,광진실업(주),026910,2016.0,0,0.38
800,서울전자통신(주),027040,2011.0,1,-1.5
801,서울전자통신(주),027040,2012.0,1,-0.67
802,서울전자통신(주),027040,2013.0,1,0.98
803,서울전자통신(주),027040,2014.0,1,-5.74
804,서울전자통신(주),027040,2015.0,0,-2.11
805,서울전자통신(주),027040,2018.0,1,-1.19
806,(주)코리아나화장품,027050,2011.0,1,-0.28
807,(주)코리아나화장품,027050,2012.0,1,-10.65
808,(주)코리아나화장품,027050,2013.0,1,-3.12
809,(주)코리아나화장품,027050,2014.0,0,-5.11
810,(주)한화갤러리아타임월드,027390,2017.0,1,-1.93
811,(주)상보,027580,2015.0,1,-0.53
812,(주)상보,027580,2016.0,1,-3.63
813,(주)상보,027580,2017.0,1,-1.13
814,(주)상보,027580,2018.0,1,0.62
815,(주)팜스토리,027710,2011.0,0,0.85
816,(주)마니커,027740,2012.0,1,-1.31
817,(주)마니커,027740,2013.0,1,-0.02
818,(주)마니커,027740,2014.0,1,-0.91
819,(주)마니커,027740,2015.0,1,-1.44
820,(주)마니커,027740,2016.0,0,-0.62
821,세하(주),027970,2011.0,1,-0.19
822,세하(주),027970,2012.0,1,-1.04
823,세하(주),027970,2013.0,1,-0.69
824,세하(주),027970,2014.0,1,-0.39
825,세하(주),027970,2015.0,0,-1.59
826,(주)미래SCI,028040,2012.0,1,-3.69
827,(주)미래SCI,028040,2013.0,1,-3.28
828,(주)미래SCI,028040,2014.0,1,-3.12
829,(주)미래SCI,028040,2015.0,0,0.37
830,(주)휴맥스홀딩스,028080,2018.0,0,-15.71
831,삼성물산(주),028260,2016.0,0,0.67
832,에이치엘비(주),028300,2011.0,1,0.86
833,에이치엘비(주),028300,2012.0,1,-1.26
834,에이치엘비(주),028300,2013.0,1,-6.22
835,에이치엘비(주),028300,2014.0,1,0.19
836,에이치엘비(주),028300,2015.0,1,-2.1
837,에이치엘비(주),028300,2016.0,1,-22.58
838,에이치엘비(주),028300,2017.0,1,-6.17
839,에이치엘비(주),028300,2018.0,1,-2.3
840,팬오션(주),028670,2012.0,1,-1.57
841,팬오션(주),028670,2013.0,0,-1.31
842,(주)광무,029480,2012.0,1,-2.69
843,(주)광무,029480,2013.0,0,-8.2
844,(주)광무,029480,2018.0,1,-3.19
845,(주)에스마크,030270,2012.0,0,-1.4
846,(주)에스마크,030270,2015.0,1,-9.67
847,(주)에스마크,030270,2016.0,1,-6.4
848,(주)에스마크,030270,2017.0,1,-2.83
849,(주)드래곤플라이,030350,2018.0,1,-4.25
850,동원수산(주),030720,2013.0,1,-5.59
851,동원수산(주),030720,2014.0,0,-5.26
852,비케이탑스(주),030790,2013.0,1,-11.35
853,비케이탑스(주),030790,2014.0,1,0.11
854,비케이탑스(주),030790,2015.0,1,-0.9
855,비케이탑스(주),030790,2016.0,1,-1.48
856,비케이탑스(주),030790,2017.0,1,-4.45
857,비케이탑스(주),030790,2018.0,1,-2.33
858,(주)아이즈비전,031310,2011.0,1,-7.38
859,(주)아이즈비전,031310,2012.0,0,-6.02
860,(주)콤텍시스템,031820,2014.0,0,-29.21
861,(주)엔에스엔,031860,2014.0,1,0.73
862,(주)엔에스엔,031860,2015.0,1,-8.97
863,(주)엔에스엔,031860,2016.0,1,-10.53
864,(주)엔에스엔,031860,2017.0,1,-7.61
865,(주)엔에스엔,031860,2018.0,1,-3.84
866,(주)씨앤에스자산관리,032040,2015.0,1,0.03
867,롯데관광개발(주),032350,2011.0,1,-0.81
868,롯데관광개발(주),032350,2012.0,1,0.14
869,롯데관광개발(주),032350,2013.0,1,0.47
870,롯데관광개발(주),032350,2014.0,0,-10.72
871,(주)케이엠더블유,032500,2015.0,1,-6.49
872,(주)케이엠더블유,032500,2016.0,1,-2.03
873,(주)케이엠더블유,032500,2017.0,1,-0.54
874,(주)케이엠더블유,032500,2018.0,0,-4.09
875,(주)피델릭스,032580,2016.0,0,-8.77
876,(주)비엔지티,032790,2012.0,1,-5.52
877,(주)비엔지티,032790,2013.0,1,-2.48
878,(주)비엔지티,032790,2014.0,1,-0.86
879,(주)비엔지티,032790,2015.0,1,-4.23
880,(주)비엔지티,032790,2016.0,1,-1.6
881,(주)비엔지티,032790,2017.0,1,-0.73
882,(주)비엔지티,032790,2018.0,1,-4.71
883,(주)판타지오,032800,2013.0,1,-10.88
884,(주)판타지오,032800,2014.0,0,-17.4
885,(주)판타지오,032800,2017.0,0,-29.21
886,(주)우리기술,032820,2013.0,1,-4.33
887,(주)우리기술,032820,2014.0,0,-2.18
888,(주)휴먼엔,032860,2013.0,1,-4.26
889,(주)휴먼엔,032860,2014.0,1,-2.47
890,(주)휴먼엔,032860,2015.0,1,0.76
891,(주)휴먼엔,032860,2016.0,0,-1.81
892,(주)원익,032940,2011.0,1,0.96
893,(주)원익,032940,2012.0,1,0.66
894,(주)원익,032940,2013.0,1,0.05
895,(주)원익,032940,2014.0,1,0.18
896,(주)원익,032940,2015.0,0,-1.84
897,바이온(주),032980,2018.0,1,-0.92
898,제이엠아이(주),033050,2012.0,1,-17.38
899,제이엠아이(주),033050,2013.0,0,-6.87
900,제이엠아이(주),033050,2018.0,1,-7.54
901,제룡전기(주),033100,2017.0,0,-18.88
902,(주)코너스톤네트웍스,033110,2012.0,0,-3.48
903,(주)코너스톤네트웍스,033110,2015.0,1,-23.0
904,(주)코너스톤네트웍스,033110,2016.0,1,-1.39
905,(주)코너스톤네트웍스,033110,2017.0,1,-1.66
906,(주)코너스톤네트웍스,033110,2018.0,1,-1.83
907,(주)모아텍,033200,2013.0,1,-24.64
908,(주)모아텍,033200,2014.0,1,-26.09
909,(주)모아텍,033200,2015.0,1,-15.49
910,코웰패션(주),033290,2014.0,0,-2.29
911,(주)좋은사람들,033340,2017.0,0,-16.81
912,디에스티(주),033430,2012.0,1,-2.39
913,디에스티(주),033430,2013.0,1,-0.89
914,디에스티(주),033430,2014.0,1,-2.04
915,디에스티(주),033430,2015.0,1,-2.5
916,디에스티(주),033430,2016.0,1,-0.01
917,디에스티(주),033430,2017.0,1,0.85
918,디에스티(주),033430,2018.0,1,0.26
919,(주)동성화인텍,033500,2018.0,0,-2.75
920,세종공업(주),033530,2018.0,0,0.03
921,럭슬(주),033600,2012.0,1,-1.77
922,럭슬(주),033600,2013.0,1,-1.86
923,럭슬(주),033600,2014.0,1,0.47
924,럭슬(주),033600,2015.0,1,-3.72
925,럭슬(주),033600,2016.0,1,-5.86
926,(주)네패스,033640,2014.0,1,0.66
927,(주)네패스,033640,2015.0,0,0.42
928,(주)스카이문스테크놀로지,033790,2012.0,1,-29.21
929,(주)스카이문스테크놀로지,033790,2013.0,0,-29.21
930,(주)스카이문스테크놀로지,033790,2016.0,1,-29.21
931,(주)스카이문스테크놀로지,033790,2017.0,1,-8.45
932,(주)스카이문스테크놀로지,033790,2018.0,1,-5.76
933,(주)파라다이스,034230,2018.0,0,0.07
934,조아제약(주),034940,2015.0,1,0.27
935,조아제약(주),034940,2016.0,1,-0.01
936,조아제약(주),034940,2017.0,0,0.58
937,(주)골드앤에스,035290,2013.0,1,-3.83
938,(주)골드앤에스,035290,2014.0,0,-1.41
939,(주)골드앤에스,035290,2018.0,1,-4.56
940,(주)기산텔레콤,035460,2012.0,0,0.71
941,(주)기산텔레콤,035460,2017.0,1,-6.37
942,(주)기산텔레콤,035460,2018.0,0,-5.52
943,(주)제이테크놀로지,035480,2012.0,1,-5.39
944,(주)제이테크놀로지,035480,2013.0,0,-2.29
945,(주)바른손이앤에이,035620,2013.0,1,-24.82
946,(주)바른손이앤에이,035620,2014.0,0,-9.87
947,(주)바른손이앤에이,035620,2018.0,1,-14.64
948,(주)서희건설,035890,2012.0,0,0.47
949,(주)제이와이피엔터테인먼트,035900,2013.0,0,-4.41
950,(주)케이티알파,036030,2011.0,1,-29.21
951,(주)케이티알파,036030,2012.0,0,-29.21
952,(주)인포피아,036220,2013.0,1,-4.34
953,(주)이매진아시아,036260,2013.0,1,-9.32
954,(주)이매진아시아,036260,2014.0,1,0.39
955,(주)이매진아시아,036260,2015.0,1,0.2
956,(주)이매진아시아,036260,2016.0,1,-9.66
957,(주)이매진아시아,036260,2017.0,1,-6.21
958,감성코퍼레이션(주),036620,2011.0,1,-16.36
959,감성코퍼레이션(주),036620,2012.0,1,-2.01
960,감성코퍼레이션(주),036620,2013.0,1,-2.59
961,감성코퍼레이션(주),036620,2014.0,1,0.29
962,감성코퍼레이션(주),036620,2015.0,1,0.2
963,감성코퍼레이션(주),036620,2016.0,1,-0.93
964,감성코퍼레이션(주),036620,2017.0,1,0.04
965,감성코퍼레이션(주),036620,2018.0,1,-13.18
966,세종텔레콤(주),036630,2011.0,1,-1.04
967,세종텔레콤(주),036630,2012.0,1,-0.69
968,세종텔레콤(주),036630,2013.0,0,-5.8
969,세종텔레콤(주),036630,2016.0,0,0.53
970,주성엔지니어링(주),036930,2012.0,1,-6.55
971,주성엔지니어링(주),036930,2013.0,1,0.08
972,주성엔지니어링(주),036930,2014.0,0,0.96
973,(주)한국팩키지,037230,2013.0,1,-29.21
974,(주)한국팩키지,037230,2014.0,0,-29.21
975,우리엔터프라이즈(주),037400,2017.0,1,-0.4
976,우리엔터프라이즈(주),037400,2018.0,0,-1.25
977,엘컴텍(주),037950,2011.0,1,-2.26
978,엘컴텍(주),037950,2012.0,1,-3.19
979,엘컴텍(주),037950,2013.0,0,-2.3
980,(주)루멘스,038060,2018.0,1,-6.92
981,에코플라스틱(주),038110,2018.0,0,-0.41
982,(주)유씨아이,038340,2011.0,1,-0.38
983,(주)유씨아이,038340,2012.0,1,-0.64
984,(주)유씨아이,038340,2013.0,1,-0.74
985,(주)유씨아이,038340,2014.0,1,-3.13
986,(주)유씨아이,038340,2015.0,1,-23.81
987,(주)유씨아이,038340,2016.0,1,0.35
988,(주)유씨아이,038340,2017.0,1,-0.22
989,(주)유씨아이,038340,2018.0,1,0.74
990,(주)삼표시멘트,038500,2011.0,1,-0.51
991,(주)삼표시멘트,038500,2012.0,1,0.54
992,(주)삼표시멘트,038500,2013.0,0,-0.07
993,(주)골드퍼시픽,038530,2014.0,1,-4.33
994,(주)골드퍼시픽,038530,2015.0,1,-9.59
995,(주)골드퍼시픽,038530,2016.0,1,-17.43
996,(주)골드퍼시픽,038530,2017.0,1,0.62
997,(주)골드퍼시픽,038530,2018.0,1,-0.68
998,위즈코프(주),038620,2011.0,1,-29.21
999,위즈코프(주),038620,2012.0,1,-29.21
1000,위즈코프(주),038620,2013.0,1,-3.96
1001,위즈코프(주),038620,2014.0,0,0.37
1002,에스넷시스템(주),038680,2016.0,0,-11.7
1003,에코바이오홀딩스(주),038870,2011.0,0,0.6
1004,에코바이오홀딩스(주),038870,2017.0,1,-4.12
1005,에코바이오홀딩스(주),038870,2018.0,0,0.88
1006,(주)아이에이,038880,2012.0,1,-3.4
1007,(주)아이에이,038880,2013.0,0,-0.29
1008,(주)아이에이,038880,2018.0,0,-0.53
1009,(주)파인디지털,038950,2016.0,1,-29.21
1010,(주)파인디지털,038950,2017.0,0,-29.21
1011,현대에이치티(주),039010,2011.0,0,-29.21
1012,(주)이건홀딩스,039020,2011.0,1,0.69
1013,(주)이건홀딩스,039020,2012.0,1,0.45
1014,(주)이건홀딩스,039020,2013.0,1,0.62
1015,(주)이건홀딩스,039020,2014.0,1,-0.7
1016,(주)이건홀딩스,039020,2015.0,0,-1.13
1017,(주)오스코텍,039200,2011.0,1,0.55
1018,(주)오스코텍,039200,2012.0,1,-0.81
1019,(주)오스코텍,039200,2013.0,1,-1.43
1020,(주)오스코텍,039200,2014.0,0,-1.42
1021,(주)오스코텍,039200,2017.0,0,-11.98
1022,에이아이비트(주),039230,2012.0,1,-2.31
1023,에이아이비트(주),039230,2013.0,0,0.9
1024,에이아이비트(주),039230,2016.0,0,-8.14
1025,인포뱅크(주),039290,2014.0,0,-29.21
1026,(주)다산네트웍스,039560,2015.0,1,0.09
1027,(주)다산네트웍스,039560,2016.0,1,-2.88
1028,(주)다산네트웍스,039560,2017.0,0,0.01
1029,(주)스포츠서울,039670,2012.0,1,-2.65
1030,한국정보공학(주),039740,2012.0,0,0.74
1031,한국정보공학(주),039740,2017.0,1,-0.08
1032,한국정보공학(주),039740,2018.0,0,-3.81
1033,(주)위노바,039790,2013.0,1,-7.01
1034,(주)위노바,039790,2014.0,1,-6.84
1035,(주)디오,039840,2014.0,0,0.45
1036,(주)나노엔텍,039860,2011.0,1,-12.31
1037,(주)나노엔텍,039860,2012.0,1,-5.04
1038,(주)나노엔텍,039860,2013.0,1,-0.44
1039,(주)나노엔텍,039860,2014.0,1,-8.4
1040,(주)나노엔텍,039860,2015.0,1,-29.21
1041,(주)나노엔텍,039860,2016.0,0,-29.21
1042,(주)누리플렉스,040160,2011.0,1,0.79
1043,(주)누리플렉스,040160,2012.0,0,-3.57
1044,(주)와이티엔,040300,2015.0,1,-2.28
1045,(주)와이티엔,040300,2016.0,0,0.65
1046,(주)큐로컴,040350,2012.0,1,-3.15
1047,(주)큐로컴,040350,2013.0,1,-3.91
1048,(주)큐로컴,040350,2014.0,1,-13.89
1049,(주)큐로컴,040350,2015.0,1,-7.6
1050,(주)큐로컴,040350,2016.0,1,-3.8
1051,(주)큐로컴,040350,2017.0,1,-1.95
1052,(주)큐로컴,040350,2018.0,1,-4.11
1053,(주)와이즈파워,040670,2012.0,1,-29.21
1054,(주)폴라리스오피스,041020,2011.0,0,0.05
1055,(주)폴라리스오피스,041020,2016.0,1,-29.21
1056,(주)폴라리스오피스,041020,2017.0,1,-29.21
1057,(주)폴라리스오피스,041020,2018.0,1,-29.21
1058,넥슨지티(주),041140,2018.0,1,-29.21
1059,(주)플래스크,041590,2016.0,1,-2.28
1060,(주)플래스크,041590,2017.0,1,-0.21
1061,(주)플래스크,041590,2018.0,1,-0.72
1062,(주)에스텍파마,041910,2015.0,0,0.62
1063,(주)코미팜,041960,2012.0,1,0.59
1064,(주)코미팜,041960,2013.0,1,0.4
1065,(주)코미팜,041960,2014.0,1,0.08
1066,(주)코미팜,041960,2015.0,1,-0.39
1067,(주)코미팜,041960,2016.0,1,0.42
1068,(주)코미팜,041960,2017.0,1,-0.11
1069,(주)코미팜,041960,2018.0,1,-5.59
1070,(주)케이피엠테크,042040,2012.0,1,-2.39
1071,(주)케이피엠테크,042040,2013.0,0,-2.12
1072,(주)케이피엠테크,042040,2016.0,1,-2.13
1073,(주)케이피엠테크,042040,2017.0,1,-0.98
1074,(주)케이피엠테크,042040,2018.0,1,-0.17
1075,라온시큐어(주),042510,2011.0,0,-17.44
1076,라온시큐어(주),042510,2014.0,0,-29.21
1077,대우조선해양(주),042660,2013.0,1,-29.21
1078,대우조선해양(주),042660,2014.0,1,-4.01
1079,대우조선해양(주),042660,2015.0,1,-22.28
1080,대우조선해양(주),042660,2016.0,0,-13.27
1081,(주)상지카일룸,042940,2012.0,1,-5.95
1082,(주)상지카일룸,042940,2013.0,1,-4.34
1083,(주)상지카일룸,042940,2014.0,1,-10.95
1084,(주)상지카일룸,042940,2015.0,1,0.3
1085,(주)상지카일룸,042940,2016.0,1,-4.81
1086,(주)상지카일룸,042940,2017.0,0,-6.78
1087,(주)엑서지21,043090,2011.0,0,-0.32
1088,(주)엑서지21,043090,2015.0,1,0.1
1089,(주)엑서지21,043090,2016.0,0,-3.32
1090,(주)솔고바이오메디칼,043100,2011.0,1,-2.22
1091,(주)솔고바이오메디칼,043100,2012.0,1,-4.55
1092,(주)솔고바이오메디칼,043100,2013.0,1,-3.34
1093,(주)솔고바이오메디칼,043100,2014.0,1,-0.59
1094,(주)솔고바이오메디칼,043100,2015.0,1,-6.2
1095,(주)솔고바이오메디칼,043100,2016.0,1,-14.58
1096,(주)솔고바이오메디칼,043100,2017.0,1,-11.31
1097,(주)솔고바이오메디칼,043100,2018.0,1,-22.21
1098,(주)파루,043200,2011.0,1,-8.8
1099,(주)파루,043200,2012.0,1,-2.0
1100,(주)파루,043200,2013.0,0,0.56
1101,(주)파루,043200,2018.0,1,-29.21
1102,(주)티에스넥스젠,043220,2011.0,1,-3.12
1103,(주)티에스넥스젠,043220,2012.0,1,-17.98
1104,(주)티에스넥스젠,043220,2013.0,1,-0.79
1105,(주)티에스넥스젠,043220,2014.0,1,0.05
1106,(주)티에스넥스젠,043220,2015.0,1,-10.54
1107,(주)티에스넥스젠,043220,2016.0,1,-7.16
1108,(주)티에스넥스젠,043220,2017.0,1,-4.04
1109,(주)티에스넥스젠,043220,2018.0,0,-8.22
1110,성호전자(주),043260,2013.0,1,-1.33
1111,성호전자(주),043260,2014.0,1,-0.44
1112,성호전자(주),043260,2015.0,0,0.11
1113,성호전자(주),043260,2018.0,1,0.09
1114,(주)에쎈테크,043340,2012.0,0,0.34
1115,(주)디지아이,043360,2012.0,1,0.23
1116,(주)디지아이,043360,2013.0,1,-26.1
1117,(주)디지아이,043360,2014.0,1,0.49
1118,(주)디지아이,043360,2015.0,1,-29.21
1119,(주)디지아이,043360,2016.0,0,-29.21
1120,(주)에임하이글로벌,043580,2015.0,1,-28.85
1121,크로바하이텍(주),043590,2014.0,1,-7.22
1122,크로바하이텍(주),043590,2015.0,0,-4.96
1123,크로바하이텍(주),043590,2018.0,1,-9.54
1124,(주)국순당,043650,2016.0,1,-29.21
1125,(주)국순당,043650,2017.0,1,-12.28
1126,(주)국순당,043650,2018.0,1,-7.85
1127,(주)서울리거,043710,2014.0,1,-19.41
1128,(주)서울리거,043710,2015.0,1,-20.21
1129,(주)서울리거,043710,2016.0,1,-5.07
1130,(주)서울리거,043710,2017.0,1,-29.21
1131,(주)서울리거,043710,2018.0,1,-1.01
1132,(주)자연과환경,043910,2011.0,1,-7.76
1133,(주)자연과환경,043910,2012.0,1,-4.16
1134,(주)자연과환경,043910,2013.0,0,-2.13
1135,(주)자연과환경,043910,2016.0,1,-13.84
1136,(주)자연과환경,043910,2017.0,0,-8.54
1137,KD(주),044180,2011.0,0,0.72
1138,KD(주),044180,2014.0,0,-9.32
1139,KD(주),044180,2018.0,0,-3.84
1140,(주)위닉스,044340,2016.0,0,0.69
1141,(주)블루베리엔에프티,044480,2011.0,0,-26.11
1142,(주)블루베리엔에프티,044480,2015.0,1,-29.21
1143,(주)블루베리엔에프티,044480,2016.0,1,-29.21
1144,(주)블루베리엔에프티,044480,2017.0,1,-29.21
1145,(주)블루베리엔에프티,044480,2018.0,1,-0.42
1146,(주)태웅,044490,2018.0,1,-4.38
1147,성우테크론(주),045300,2013.0,1,0.73
1148,성우테크론(주),045300,2014.0,0,0.92
1149,(주)토탈소프트뱅크,045340,2012.0,1,-29.21
1150,(주)토탈소프트뱅크,045340,2013.0,0,-29.21
1151,(주)정원엔시스,045510,2011.0,0,0.29
1152,(주)금빛,045890,2012.0,0,-1.49
1153,(주)금빛,045890,2018.0,1,-8.83
1154,(주)코아시아,045970,2013.0,1,0.03
1155,(주)코아시아,045970,2014.0,1,-3.23
1156,(주)코아시아,045970,2015.0,0,0.76
1157,(주)코다코,046070,2018.0,1,-1.51
1158,(주)오르비텍,046120,2014.0,0,-1.47
1159,(주)파나진,046210,2011.0,1,-0.23
1160,(주)파나진,046210,2012.0,1,-2.76
1161,(주)파나진,046210,2013.0,1,-2.96
1162,(주)파나진,046210,2014.0,1,-0.78
1163,(주)파나진,046210,2015.0,1,0.12
1164,(주)파나진,046210,2016.0,1,-0.76
1165,(주)파나진,046210,2017.0,1,-14.9
1166,(주)파나진,046210,2018.0,1,-29.21
1167,(주)백금티앤에이,046310,2014.0,1,0.39
1168,(주)백금티앤에이,046310,2015.0,1,0.74
1169,(주)백금티앤에이,046310,2016.0,0,-2.03
1170,(주)삼화네트웍스,046390,2015.0,0,-29.21
1171,(주)삼화네트웍스,046390,2018.0,0,-29.21
1172,(주)우리로,046970,2014.0,0,-11.19
1173,(주)우리로,046970,2017.0,0,-6.0
1174,(주)한빛소프트,047080,2011.0,0,-9.71
1175,(주)한빛소프트,047080,2016.0,1,-5.34
1176,(주)한빛소프트,047080,2017.0,0,-8.88
1177,레이젠(주),047440,2012.0,1,-1.03
1178,레이젠(주),047440,2013.0,0,-1.55
1179,(주)이스트소프트,047560,2013.0,1,-2.77
1180,(주)이스트소프트,047560,2014.0,1,-1.21
1181,(주)이스트소프트,047560,2015.0,1,-2.21
1182,(주)이스트소프트,047560,2016.0,1,-2.94
1183,(주)이스트소프트,047560,2017.0,0,-0.65
1184,(주)코데즈컴바인,047770,2013.0,1,-5.79
1185,(주)코데즈컴바인,047770,2014.0,1,-17.85
1186,(주)코데즈컴바인,047770,2015.0,0,-23.63
1187,(주)초록뱀미디어,047820,2014.0,1,-29.21
1188,(주)초록뱀미디어,047820,2015.0,0,-8.86
1189,(주)초록뱀미디어,047820,2018.0,1,0.34
1190,에이치엘비제약(주),047920,2016.0,1,0.58
1191,에이치엘비제약(주),047920,2017.0,1,-1.81
1192,에이치엘비제약(주),047920,2018.0,0,-6.78
1193,현대바이오사이언스(주),048410,2012.0,1,-5.92
1194,현대바이오사이언스(주),048410,2013.0,0,-16.73
1195,현대바이오사이언스(주),048410,2017.0,0,0.84
1196,(주)인트론바이오테크놀로지,048530,2012.0,1,-2.03
1197,(주)인트론바이오테크놀로지,048530,2013.0,0,0.23
1198,(주)인트론바이오테크놀로지,048530,2017.0,0,-28.7
1199,(주)에스엠컬처앤콘텐츠,048550,2013.0,1,-1.38
1200,(주)에스엠컬처앤콘텐츠,048550,2014.0,1,-12.2
1201,(주)에스엠컬처앤콘텐츠,048550,2015.0,0,-16.19
1202,(주)에스엠컬처앤콘텐츠,048550,2018.0,0,-3.25
1203,(주)시너지이노베이션,048870,2011.0,1,-0.98
1204,(주)시너지이노베이션,048870,2012.0,1,-1.24
1205,(주)시너지이노베이션,048870,2013.0,1,-5.02
1206,(주)시너지이노베이션,048870,2014.0,1,-2.24
1207,(주)시너지이노베이션,048870,2015.0,1,-7.01
1208,(주)시너지이노베이션,048870,2016.0,1,-0.81
1209,(주)시너지이노베이션,048870,2017.0,1,-0.26
1210,(주)시너지이노베이션,048870,2018.0,1,0.74
1211,대원미디어(주),048910,2011.0,0,-3.09
1212,(주)기가레인,049080,2016.0,0,-4.14
1213,(주)파인디앤씨,049120,2012.0,1,-1.0
1214,(주)파인디앤씨,049120,2013.0,0,-1.51
1215,(주)셀루메드,049180,2014.0,1,-4.65
1216,(주)셀루메드,049180,2015.0,1,-2.57
1217,(주)셀루메드,049180,2016.0,1,-7.76
1218,(주)셀루메드,049180,2017.0,1,-0.56
1219,(주)셀루메드,049180,2018.0,1,-7.57
1220,에스지에이(주),049470,2018.0,1,-3.34
1221,(주)잉크테크,049550,2011.0,0,-3.46
1222,(주)잉크테크,049550,2014.0,1,-1.87
1223,(주)잉크테크,049550,2015.0,1,-1.57
1224,(주)잉크테크,049550,2016.0,1,-0.02
1225,(주)잉크테크,049550,2017.0,1,-2.6
1226,(주)잉크테크,049550,2018.0,1,-0.58
1227,재영솔루텍(주),049630,2011.0,1,0.77
1228,재영솔루텍(주),049630,2012.0,1,0.25
1229,재영솔루텍(주),049630,2013.0,0,0.21
1230,재영솔루텍(주),049630,2017.0,1,-8.56
1231,재영솔루텍(주),049630,2018.0,0,0.8
1232,(주)우진플라임,049800,2015.0,0,-2.09
1233,(주)미래컴퍼니,049950,2014.0,0,-26.93
1234,(주)비케이홀딩스,050090,2011.0,1,-0.76
1235,(주)비케이홀딩스,050090,2012.0,1,0.71
1236,(주)비케이홀딩스,050090,2013.0,1,0.88
1237,(주)비케이홀딩스,050090,2014.0,1,0.68
1238,(주)비케이홀딩스,050090,2015.0,1,0.07
1239,(주)비케이홀딩스,050090,2016.0,1,0.72
1240,(주)비케이홀딩스,050090,2017.0,1,-1.49
1241,(주)비케이홀딩스,050090,2018.0,1,-9.06
1242,에스에이치엔엘(주),050320,2012.0,1,-0.94
1243,에스에이치엔엘(주),050320,2013.0,1,-9.52
1244,에스에이치엔엘(주),050320,2014.0,1,-2.89
1245,에스에이치엔엘(주),050320,2015.0,1,-16.97
1246,에스에이치엔엘(주),050320,2016.0,1,-29.21
1247,에스에이치엔엘(주),050320,2017.0,1,-29.21
1248,에스에이치엔엘(주),050320,2018.0,1,-29.21
1249,(주)엠피씨플러스,050540,2015.0,1,-2.0
1250,(주)엠피씨플러스,050540,2016.0,1,0.66
1251,(주)엠피씨플러스,050540,2017.0,1,-3.77
1252,(주)엠피씨플러스,050540,2018.0,1,-7.49
1253,(주)에스폴리텍,050760,2015.0,0,-0.91
1254,(주)지어소프트,051160,2012.0,1,-29.21
1255,(주)지어소프트,051160,2013.0,1,-29.21
1256,(주)지어소프트,051160,2014.0,1,-5.31
1257,(주)지어소프트,051160,2015.0,1,-2.16
1258,(주)지어소프트,051160,2016.0,0,-8.93
1259,(주)썬코어,051170,2012.0,1,0.2
1260,(주)썬코어,051170,2013.0,1,-0.86
1261,(주)썬코어,051170,2014.0,1,-1.41
1262,(주)포스코플랜텍,051310,2012.0,1,0.31
1263,(주)포스코플랜텍,051310,2013.0,1,-3.1
1264,(주)인터플렉스,051370,2014.0,1,-21.86
1265,(주)인터플렉스,051370,2015.0,1,-23.42
1266,(주)인터플렉스,051370,2016.0,0,-13.68
1267,진양화학(주),051630,2018.0,1,-29.21
1268,(주)큐로홀딩스,051780,2011.0,1,-0.57
1269,(주)큐로홀딩스,051780,2012.0,1,-0.31
1270,(주)큐로홀딩스,051780,2013.0,1,0.08
1271,(주)큐로홀딩스,051780,2014.0,1,-0.02
1272,(주)큐로홀딩스,051780,2015.0,1,-0.09
1273,(주)큐로홀딩스,051780,2016.0,1,-13.85
1274,(주)큐로홀딩스,051780,2017.0,1,-6.27
1275,(주)큐로홀딩스,051780,2018.0,1,-0.39
1276,(주)중앙디앤엠,051980,2014.0,1,-16.7
1277,(주)중앙디앤엠,051980,2015.0,1,-17.87
1278,(주)중앙디앤엠,051980,2016.0,1,-2.02
1279,(주)중앙디앤엠,051980,2017.0,1,-1.82
1280,(주)중앙디앤엠,051980,2018.0,1,-7.78
1281,(주)세영디앤씨,052190,2015.0,1,-24.43
1282,(주)세영디앤씨,052190,2016.0,1,-15.74
1283,(주)세영디앤씨,052190,2017.0,1,-0.22
1284,(주)세영디앤씨,052190,2018.0,1,-4.16
1285,(주)트레이스,052290,2012.0,1,0.29
1286,(주)트레이스,052290,2013.0,1,-1.51
1287,(주)트레이스,052290,2014.0,1,-4.05
1288,(주)트레이스,052290,2015.0,1,-4.88
1289,(주)초록뱀컴퍼니,052300,2011.0,1,-29.21
1290,(주)초록뱀컴퍼니,052300,2012.0,0,-4.04
1291,(주)초록뱀컴퍼니,052300,2015.0,1,-14.0
1292,(주)초록뱀컴퍼니,052300,2016.0,1,0.5
1293,(주)초록뱀컴퍼니,052300,2017.0,1,0.68
1294,(주)초록뱀컴퍼니,052300,2018.0,1,-1.74
1295,코나아이(주),052400,2017.0,1,-7.91
1296,코나아이(주),052400,2018.0,1,-22.97
1297,오성첨단소재(주),052420,2012.0,1,-2.23
1298,오성첨단소재(주),052420,2013.0,1,-1.04
1299,오성첨단소재(주),052420,2014.0,1,-2.34
1300,오성첨단소재(주),052420,2015.0,1,0.29
1301,오성첨단소재(주),052420,2016.0,1,-0.78
1302,오성첨단소재(주),052420,2017.0,1,0.53
1303,오성첨단소재(주),052420,2018.0,0,0.5
1304,(주)아이톡시,052770,2012.0,0,0.27
1305,(주)아이톡시,052770,2017.0,1,-19.36
1306,(주)아이톡시,052770,2018.0,1,-21.12
1307,(주)아이앤씨테크놀로지,052860,2013.0,1,-29.21
1308,(주)아이앤씨테크놀로지,052860,2014.0,1,-29.21
1309,(주)아이앤씨테크놀로지,052860,2015.0,0,-24.48
1310,(주)케이엑스하이텍,052900,2012.0,1,-4.14
1311,(주)케이엑스하이텍,052900,2013.0,0,0.27
1312,(주)바이넥스,053030,2013.0,0,-3.9
1313,(주)바이넥스,053030,2017.0,0,-3.9
1314,(주)세동,053060,2011.0,1,0.6
1315,(주)세동,053060,2012.0,1,0.96
1316,(주)세동,053060,2013.0,1,0.82
1317,(주)세동,053060,2014.0,1,-0.82
1318,(주)세동,053060,2015.0,1,-1.34
1319,(주)세동,053060,2016.0,1,-1.69
1320,(주)세동,053060,2017.0,1,-2.32
1321,(주)세동,053060,2018.0,1,-0.88
1322,(주)소리바다,053110,2013.0,1,-5.54
1323,(주)소리바다,053110,2014.0,1,-20.06
1324,(주)소리바다,053110,2015.0,1,-29.21
1325,(주)소리바다,053110,2016.0,1,-1.1
1326,(주)소리바다,053110,2017.0,1,-3.14
1327,(주)소리바다,053110,2018.0,1,-4.09
1328,예스이십사(주),053280,2018.0,0,-2.73
1329,(주)영진코퍼레이션,053330,2012.0,1,-5.06
1330,(주)한국테크놀로지,053590,2012.0,1,-29.21
1331,(주)한국테크놀로지,053590,2013.0,0,-29.21
1332,(주)한국테크놀로지,053590,2016.0,1,-7.07
1333,(주)한국테크놀로지,053590,2017.0,1,-4.04
1334,(주)한국테크놀로지,053590,2018.0,1,0.27
1335,현진소재(주),053660,2013.0,1,-1.12
1336,현진소재(주),053660,2014.0,1,-3.62
1337,현진소재(주),053660,2015.0,1,-1.71
1338,현진소재(주),053660,2016.0,1,0.87
1339,현진소재(주),053660,2017.0,1,-0.77
1340,현진소재(주),053660,2018.0,1,-2.42
1341,(주)아이팩토리,053810,2012.0,1,-1.42
1342,(주)아이팩토리,053810,2013.0,1,-0.24
1343,(주)지티앤티,053870,2012.0,1,-3.47
1344,경남제약(주),053950,2011.0,0,0.66
1345,(주)삼진엘앤디,054090,2017.0,0,-2.36
1346,(주)이랜텍,054210,2018.0,0,0.16
1347,(주)팬스타엔터프라이즈,054300,2011.0,0,-2.15
1348,(주)팬스타엔터프라이즈,054300,2014.0,1,0.45
1349,(주)팬스타엔터프라이즈,054300,2015.0,1,-0.28
1350,(주)팬스타엔터프라이즈,054300,2016.0,0,-2.33
1351,(주)피앤텔,054340,2012.0,1,-29.21
1352,(주)피앤텔,054340,2013.0,1,-14.41
1353,(주)피앤텔,054340,2014.0,1,-15.86
1354,(주)피앤텔,054340,2015.0,1,-29.21
1355,(주)피앤텔,054340,2016.0,1,-17.67
1356,(주)피앤텔,054340,2017.0,1,-29.21
1357,(주)텔레칩스,054450,2012.0,1,-29.21
1358,(주)텔레칩스,054450,2013.0,0,-29.21
1359,삼영엠텍(주),054540,2018.0,0,0.93
1360,에이피에스홀딩스(주),054620,2018.0,1,-4.41
1361,(주)에이디칩스,054630,2013.0,1,-10.77
1362,(주)에이디칩스,054630,2014.0,1,-13.91
1363,(주)에이디칩스,054630,2015.0,0,-8.72
1364,(주)한컴위드,054920,2014.0,1,0.03
1365,(주)한컴위드,054920,2015.0,1,-0.61
1366,(주)한컴위드,054920,2016.0,1,0.41
1367,(주)한컴위드,054920,2017.0,1,0.09
1368,(주)한컴위드,054920,2018.0,1,0.28
1369,(주)유신,054930,2012.0,0,-1.9
1370,(주)유신,054930,2015.0,0,0.46
1371,(주)코원플레이,056000,2012.0,1,-8.01
1372,(주)코원플레이,056000,2013.0,1,-5.27
1373,(주)코원플레이,056000,2014.0,1,-1.28
1374,(주)코원플레이,056000,2015.0,1,-10.64
1375,(주)코원플레이,056000,2016.0,1,-8.25
1376,(주)코원플레이,056000,2017.0,1,0.92
1377,(주)코원플레이,056000,2018.0,1,-29.21
1378,(주)유진로봇,056080,2013.0,1,-3.39
1379,(주)유진로봇,056080,2014.0,0,0.58
1380,(주)유진로봇,056080,2017.0,1,-4.22
1381,(주)유진로봇,056080,2018.0,1,-3.74
1382,이노시스(주),056090,2016.0,1,-15.69
1383,이노시스(주),056090,2017.0,1,-29.21
1384,이노시스(주),056090,2018.0,1,-3.34
1385,신화인터텍(주),056700,2011.0,0,0.62
1386,씨앤티85(주),056730,2013.0,1,-5.89
1387,씨앤티85(주),056730,2014.0,0,-2.04
1388,씨앤티85(주),056730,2017.0,1,0.06
1389,씨앤티85(주),056730,2018.0,1,-2.23
1390,(주)와이비엠넷,057030,2016.0,0,-6.77
1391,에스케이씨솔믹스(주),057500,2012.0,1,-2.38
1392,에스케이씨솔믹스(주),057500,2013.0,1,-1.66
1393,에스케이씨솔믹스(주),057500,2014.0,1,0.33
1394,에스케이씨솔믹스(주),057500,2015.0,0,0.41
1395,옴니시스템(주),057540,2011.0,1,-4.11
1396,옴니시스템(주),057540,2012.0,1,-5.93
1397,옴니시스템(주),057540,2013.0,0,0.2
1398,(주)티사이언티픽,057680,2011.0,1,-3.97
1399,(주)티사이언티픽,057680,2012.0,1,-22.79
1400,(주)티사이언티픽,057680,2013.0,0,-16.43
1401,(주)티사이언티픽,057680,2016.0,1,-11.03
1402,(주)티사이언티픽,057680,2017.0,1,-2.04
1403,(주)티사이언티픽,057680,2018.0,0,-0.68
1404,(주)피에이치씨,057880,2011.0,1,0.62
1405,(주)피에이치씨,057880,2012.0,1,-7.85
1406,(주)피에이치씨,057880,2013.0,1,-6.39
1407,(주)피에이치씨,057880,2014.0,1,-29.21
1408,(주)피에이치씨,057880,2015.0,1,-17.96
1409,(주)피에이치씨,057880,2016.0,1,-7.09
1410,(주)피에이치씨,057880,2017.0,1,-9.29
1411,(주)피에이치씨,057880,2018.0,1,-2.78
1412,(주)멕아이씨에스,058110,2016.0,1,-3.55
1413,(주)멕아이씨에스,058110,2017.0,1,-1.78
1414,(주)멕아이씨에스,058110,2018.0,1,-1.94
1415,(주)아리온테크놀로지,058220,2017.0,1,-7.79
1416,(주)아리온테크놀로지,058220,2018.0,1,-1.41
1417,(주)비엔씨컴퍼니,058370,2013.0,1,-4.45
1418,(주)비엔씨컴퍼니,058370,2014.0,1,-6.8
1419,(주)제이웨이,058420,2011.0,1,-29.21
1420,(주)제이웨이,058420,2012.0,1,-16.6
1421,(주)제이웨이,058420,2013.0,1,-18.05
1422,(주)제이웨이,058420,2014.0,0,-29.21
1423,(주)제이웨이,058420,2017.0,1,-29.21
1424,(주)제이웨이,058420,2018.0,1,-3.1
1425,포스코스틸리온(주),058430,2012.0,1,-0.29
1426,포스코스틸리온(주),058430,2013.0,0,0.62
1427,(주)일야,058450,2012.0,0,-17.29
1428,(주)일야,058450,2018.0,1,-16.53
1429,파나케이아(주),058530,2015.0,0,0.6
1430,파나케이아(주),058530,2018.0,1,-2.2
1431,(주)엠게임,058630,2011.0,1,-0.15
1432,(주)엠게임,058630,2012.0,1,0.19
1433,(주)엠게임,058630,2013.0,0,-7.06
1434,(주)CMG제약,058820,2013.0,0,0.7
1435,(주)미코,059090,2014.0,0,0.9
1436,(주)아이컴포넌트,059100,2013.0,1,-1.0
1437,(주)아이컴포넌트,059100,2014.0,0,-0.64
1438,(주)아이컴포넌트,059100,2018.0,1,-5.44
1439,인선이엔티(주),060150,2012.0,1,-0.48
1440,인선이엔티(주),060150,2013.0,1,0.04
1441,인선이엔티(주),060150,2014.0,0,-0.09
1442,소니드(주),060230,2011.0,1,-2.06
1443,소니드(주),060230,2012.0,0,0.69
1444,소니드(주),060230,2015.0,1,-0.48
1445,소니드(주),060230,2016.0,1,0.11
1446,소니드(주),060230,2017.0,1,-0.95
1447,소니드(주),060230,2018.0,0,-0.36
1448,(주)룽투코리아,060240,2011.0,0,-18.61
1449,(주)룽투코리아,060240,2014.0,1,-9.97
1450,(주)룽투코리아,060240,2015.0,0,-9.38
1451,(주)뉴보텍,060260,2011.0,0,-4.5
1452,(주)뉴보텍,060260,2018.0,0,0.82
1453,큐렉소(주),060280,2011.0,1,-4.24
1454,큐렉소(주),060280,2012.0,1,-5.02
1455,큐렉소(주),060280,2013.0,1,-29.21
1456,큐렉소(주),060280,2014.0,1,-25.91
1457,큐렉소(주),060280,2015.0,1,-29.21
1458,큐렉소(주),060280,2016.0,0,-29.21
1459,(주)레드로버,060300,2018.0,1,-29.21
1460,(주)홈센타홀딩스,060560,2017.0,1,0.39
1461,(주)홈센타홀딩스,060560,2018.0,1,-1.14
1462,(주)드림어스컴퍼니,060570,2011.0,1,-29.21
1463,(주)드림어스컴퍼니,060570,2012.0,1,-19.73
1464,(주)드림어스컴퍼니,060570,2013.0,0,-29.21
1465,(주)드림어스컴퍼니,060570,2016.0,1,-24.34
1466,(주)드림어스컴퍼니,060570,2017.0,1,-19.57
1467,(주)드림어스컴퍼니,060570,2018.0,1,-7.4
1468,(주)씨티씨바이오,060590,2017.0,1,-4.7
1469,(주)씨티씨바이오,060590,2018.0,1,-1.54
1470,(주)케이에이치바텍,060720,2017.0,1,-9.95
1471,(주)케이에이치바텍,060720,2018.0,0,-5.86
1472,대한그린파워(주),060900,2013.0,1,-0.56
1473,대한그린파워(주),060900,2014.0,1,-2.07
1474,대한그린파워(주),060900,2015.0,1,-4.35
1475,대한그린파워(주),060900,2016.0,1,0.85
1476,대한그린파워(주),060900,2017.0,1,-6.52
1477,대한그린파워(주),060900,2018.0,1,-5.96
1478,(주)프리젠,060910,2012.0,1,-0.84
1479,(주)프리젠,060910,2013.0,1,0.95
1480,(주)한진피앤씨,061460,2012.0,1,0.47
1481,(주)한진피앤씨,061460,2013.0,1,-0.73
1482,(주)한진피앤씨,061460,2014.0,0,0.8
1483,엘비세미콘(주),061970,2014.0,0,-0.35
1484,(주)티엘아이,062860,2017.0,1,-29.21
1485,(주)티엘아이,062860,2018.0,0,-29.21
1486,(주)컴투스홀딩스,063080,2018.0,1,-9.06
1487,(주)서울옥션,063170,2011.0,0,-6.08
1488,(주)에스엠라이프디자인그룹,063440,2013.0,1,-5.41
1489,(주)에스엠라이프디자인그룹,063440,2014.0,1,-6.31
1490,(주)에스엠라이프디자인그룹,063440,2015.0,1,-26.08
1491,(주)에스엠라이프디자인그룹,063440,2016.0,0,-23.13
1492,(주)에프앤리퍼블릭,064090,2011.0,1,-1.37
1493,(주)에프앤리퍼블릭,064090,2012.0,1,-1.51
1494,(주)에프앤리퍼블릭,064090,2013.0,0,-0.69
1495,(주)에프앤리퍼블릭,064090,2016.0,0,-8.3
1496,(주)홈캐스트,064240,2013.0,0,-17.31
1497,(주)홈캐스트,064240,2018.0,1,-9.39
1498,(주)다날,064260,2012.0,1,-0.31
1499,(주)다날,064260,2013.0,0,0.79
1500,(주)인텍플러스,064290,2014.0,1,-5.46
1501,(주)인텍플러스,064290,2015.0,1,0.96
1502,(주)인텍플러스,064290,2016.0,1,-15.21
1503,(주)인텍플러스,064290,2017.0,1,0.12
1504,(주)인텍플러스,064290,2018.0,0,-29.21
1505,현대로템(주),064350,2015.0,0,-3.17
1506,현대로템(주),064350,2018.0,1,-4.17
1507,(주)테크엘,064520,2018.0,1,-11.34
1508,(주)바이오니아,064550,2011.0,1,-3.43
1509,(주)바이오니아,064550,2012.0,1,-2.45
1510,(주)바이오니아,064550,2013.0,1,-1.5
1511,(주)바이오니아,064550,2014.0,1,-3.26
1512,(주)바이오니아,064550,2015.0,1,-1.6
1513,(주)바이오니아,064550,2016.0,1,-6.55
1514,(주)바이오니아,064550,2017.0,1,-5.88
1515,(주)바이오니아,064550,2018.0,1,-15.68
1516,(주)젬백스링크,064800,2013.0,0,-29.21
1517,(주)젬백스링크,064800,2016.0,0,-2.26
1518,(주)케이프,064820,2013.0,1,-1.26
1519,(주)케이프,064820,2014.0,1,-1.53
1520,(주)케이프,064820,2015.0,0,-1.7
1521,(주)지엔코,065060,2016.0,0,0.51
1522,(주)엠피대산,065150,2016.0,1,0.45
1523,(주)엠피대산,065150,2017.0,1,-0.09
1524,(주)엠피대산,065150,2018.0,1,-0.47
1525,(주)에프티이앤이,065160,2012.0,1,-1.03
1526,(주)에프티이앤이,065160,2013.0,1,0.08
1527,(주)에프티이앤이,065160,2014.0,1,-0.76
1528,(주)에프티이앤이,065160,2015.0,1,-6.03
1529,(주)에프티이앤이,065160,2016.0,1,0.21
1530,(주)해피드림,065180,2012.0,1,-29.21
1531,(주)이루온,065440,2017.0,0,-0.53
1532,(주)빅텍,065450,2012.0,0,-29.21
1533,(주)빅텍,065450,2017.0,0,-14.88
1534,(주)오리엔트정공,065500,2011.0,1,-4.65
1535,(주)오리엔트정공,065500,2012.0,1,0.77
1536,(주)오리엔트정공,065500,2013.0,0,0.82
1537,(주)오리엔트정공,065500,2017.0,1,0.8
1538,(주)오리엔트정공,065500,2018.0,1,-3.71
1539,(주)녹원씨엔아이,065560,2013.0,1,-10.45
1540,(주)녹원씨엔아이,065560,2014.0,0,-6.5
1541,(주)제낙스,065620,2012.0,1,-1.32
1542,(주)제낙스,065620,2013.0,1,-4.18
1543,(주)제낙스,065620,2014.0,1,-3.71
1544,(주)제낙스,065620,2015.0,1,-0.23
1545,(주)제낙스,065620,2016.0,1,-2.72
1546,(주)제낙스,065620,2017.0,1,-3.14
1547,(주)제낙스,065620,2018.0,1,-6.31
1548,(주)메디프론디비티,065650,2013.0,1,-29.21
1549,(주)메디프론디비티,065650,2014.0,1,-29.21
1550,(주)메디프론디비티,065650,2015.0,1,0.81
1551,(주)메디프론디비티,065650,2016.0,0,-2.56
1552,(주)씨에스,065770,2012.0,1,-0.25
1553,(주)씨에스,065770,2013.0,1,-4.59
1554,(주)씨에스,065770,2014.0,1,0.68
1555,(주)씨에스,065770,2015.0,1,-4.15
1556,(주)씨에스,065770,2016.0,0,-0.18
1557,(주)바이오빌,065940,2012.0,1,-0.77
1558,(주)바이오빌,065940,2013.0,1,-1.77
1559,(주)바이오빌,065940,2014.0,1,-0.84
1560,(주)바이오빌,065940,2015.0,1,-2.13
1561,(주)바이오빌,065940,2016.0,1,-2.0
1562,(주)바이오빌,065940,2017.0,1,-2.33
1563,(주)한프,066110,2012.0,1,-1.28
1564,(주)한프,066110,2013.0,1,-5.42
1565,(주)한프,066110,2014.0,1,-5.01
1566,(주)한프,066110,2015.0,1,-0.17
1567,(주)한프,066110,2016.0,1,-2.86
1568,(주)한프,066110,2017.0,1,-1.5
1569,(주)한프,066110,2018.0,1,-2.36
1570,(주)하츠,066130,2013.0,0,-9.26
1571,에스케이커뮤니케이션즈(주),066270,2013.0,1,-29.21
1572,엘지전자(주),066570,2011.0,0,0.88
1573,(주)테라젠이텍스,066700,2012.0,0,-5.31
1574,(주)테라젠이텍스,066700,2018.0,0,-3.14
1575,(주)씨씨에스충북방송,066790,2011.0,1,0.71
1576,(주)씨씨에스충북방송,066790,2012.0,1,0.37
1577,(주)씨씨에스충북방송,066790,2013.0,1,-0.96
1578,(주)씨씨에스충북방송,066790,2014.0,1,-6.2
1579,(주)씨씨에스충북방송,066790,2015.0,1,-0.82
1580,(주)씨씨에스충북방송,066790,2016.0,1,-1.7
1581,(주)씨씨에스충북방송,066790,2017.0,1,-2.14
1582,(주)씨씨에스충북방송,066790,2018.0,0,-10.49
1583,(주)손오공,066910,2013.0,1,-5.71
1584,(주)손오공,066910,2014.0,0,-3.04
1585,(주)엘앤에프,066970,2013.0,1,-0.88
1586,(주)엘앤에프,066970,2014.0,1,0.27
1587,(주)엘앤에프,066970,2015.0,0,-0.6
1588,(주)이엔코퍼레이션,066980,2012.0,1,-4.25
1589,(주)이엔코퍼레이션,066980,2013.0,1,0.61
1590,(주)이엔코퍼레이션,066980,2014.0,1,-5.96
1591,(주)이엔코퍼레이션,066980,2015.0,0,-5.22
1592,(주)조이시티,067000,2018.0,0,-29.21
1593,제이더블유신약(주),067290,2013.0,1,0.81
1594,제이더블유신약(주),067290,2014.0,0,0.99
1595,제이더블유신약(주),067290,2018.0,1,0.41
1596,하나마이크론(주),067310,2013.0,0,-0.6
1597,선바이오(주),067370,2017.0,0,-29.21
1598,에이치엘비생명과학(주),067630,2012.0,1,-2.06
1599,에이치엘비생명과학(주),067630,2013.0,0,-2.58
1600,에이치엘비생명과학(주),067630,2016.0,1,-1.46
1601,에이치엘비생명과학(주),067630,2017.0,1,0.64
1602,에이치엘비생명과학(주),067630,2018.0,1,-0.9
1603,(주)세진티에스,067770,2013.0,0,-29.21
1604,(주)세진티에스,067770,2016.0,1,-29.21
1605,(주)세진티에스,067770,2017.0,1,-29.21
1606,(주)세진티에스,067770,2018.0,1,-29.21
1607,(주)이글루코퍼레이션,067920,2014.0,1,-29.21
1608,(주)이글루코퍼레이션,067920,2015.0,0,-29.21
1609,도이치모터스(주),067990,2014.0,0,-0.12
1610,(주)팬엔터테인먼트,068050,2014.0,1,0.67
1611,(주)팬엔터테인먼트,068050,2015.0,0,-6.42
1612,(주)팬엔터테인먼트,068050,2018.0,0,-2.47
1613,(주)케이엔씨글로벌,068150,2012.0,1,0.54
1614,(주)케이엔씨글로벌,068150,2013.0,1,0.97
1615,(주)셀트리온제약,068760,2016.0,0,-1.77
1616,(주)디엠에스,068790,2012.0,1,-1.23
1617,(주)디엠에스,068790,2013.0,1,-0.23
1618,(주)디엠에스,068790,2014.0,0,-1.19
1619,(주)셀피글로벌,068940,2015.0,1,0.59
1620,(주)셀피글로벌,068940,2016.0,1,0.76
1621,(주)셀피글로벌,068940,2017.0,1,-25.4
1622,(주)셀피글로벌,068940,2018.0,1,-7.34
1623,(주)코스온,069110,2013.0,0,-0.37
1624,(주)누리플랜,069140,2013.0,1,-3.78
1625,(주)누리플랜,069140,2014.0,0,-7.07
1626,(주)유아이디,069330,2016.0,1,-1.52
1627,(주)유아이디,069330,2017.0,1,-7.53
1628,(주)유아이디,069330,2018.0,1,-4.84
1629,(주)대호에이엘,069460,2013.0,1,0.34
1630,(주)대호에이엘,069460,2014.0,0,-0.46
1631,(주)대호에이엘,069460,2017.0,1,0.83
1632,(주)대호에이엘,069460,2018.0,1,0.9
1633,(주)라이트론,069540,2018.0,0,-0.64
1634,(주)아이에스이커머스,069920,2012.0,1,-6.45
1635,(주)아이에스이커머스,069920,2013.0,1,-3.27
1636,(주)아이에스이커머스,069920,2014.0,1,0.23
1637,(주)아이에스이커머스,069920,2015.0,1,-6.36
1638,(주)아이에스이커머스,069920,2016.0,1,-0.57
1639,(주)아이에스이커머스,069920,2017.0,1,-7.34
1640,(주)아이에스이커머스,069920,2018.0,1,-9.41
1641,엑스큐어(주),070300,2017.0,1,-29.21
1642,엑스큐어(주),070300,2018.0,0,-29.21
1643,(주)하이스틸,071090,2014.0,1,0.93
1644,(주)하이스틸,071090,2015.0,0,-3.18
1645,(주)인피니트헬스케어,071200,2012.0,0,-5.34
1646,에이테크솔루션(주),071670,2013.0,0,-0.24
1647,에이테크솔루션(주),071670,2018.0,0,0.75
1648,(주)코아스,071950,2016.0,1,-2.31
1649,(주)코아스,071950,2017.0,1,0.44
1650,(주)코아스,071950,2018.0,0,0.81
1651,STX중공업(주),071970,2014.0,1,-0.73
1652,STX중공업(주),071970,2015.0,1,0.16
1653,STX중공업(주),071970,2016.0,0,-1.98
1654,유엔젤(주),072130,2017.0,0,-5.78
1655,(주)제넨바이오,072520,2014.0,1,-19.09
1656,(주)제넨바이오,072520,2015.0,1,-8.24
1657,(주)제넨바이오,072520,2016.0,0,-3.11
1658,(주)율호,072770,2018.0,0,-6.93
1659,메가스터디(주),072870,2017.0,0,-29.21
1660,(주)케이에스피,073010,2014.0,1,-0.67
1661,(주)케이에스피,073010,2015.0,1,-1.12
1662,(주)케이에스피,073010,2016.0,1,-16.1
1663,(주)케이에스피,073010,2017.0,1,-2.85
1664,(주)케이에스피,073010,2018.0,0,-1.76
1665,(주)듀오백,073190,2015.0,1,-29.21
1666,(주)듀오백,073190,2016.0,0,-29.21
1667,금호타이어(주),073240,2018.0,1,-0.86
1668,(주)이노와이어리스,073490,2015.0,1,-23.11
1669,(주)이노와이어리스,073490,2016.0,0,-29.21
1670,(주)에프알텍,073540,2016.0,1,-29.21
1671,(주)에프알텍,073540,2017.0,1,-18.89
1672,(주)에프알텍,073540,2018.0,1,-7.01
1673,(주)어반리튬,073570,2012.0,1,-4.74
1674,(주)어반리튬,073570,2013.0,1,-1.94
1675,(주)어반리튬,073570,2014.0,1,-0.44
1676,(주)어반리튬,073570,2015.0,1,0.18
1677,(주)어반리튬,073570,2016.0,1,-4.46
1678,(주)어반리튬,073570,2017.0,1,-4.07
1679,(주)어반리튬,073570,2018.0,1,-4.63
1680,테라사이언스(주),073640,2013.0,1,-1.28
1681,테라사이언스(주),073640,2014.0,1,-1.61
1682,테라사이언스(주),073640,2015.0,1,-3.69
1683,테라사이언스(주),073640,2016.0,1,-2.47
1684,테라사이언스(주),073640,2017.0,1,-0.07
1685,테라사이언스(주),073640,2018.0,1,0.2
1686,(주)아미노로직스,074430,2011.0,1,-10.38
1687,(주)아미노로직스,074430,2012.0,1,-7.14
1688,(주)아미노로직스,074430,2013.0,1,-9.36
1689,(주)아미노로직스,074430,2014.0,0,-27.93
1690,(주)이엔플러스,074610,2011.0,1,-5.61
1691,(주)이엔플러스,074610,2012.0,0,-6.38
1692,(주)이엔플러스,074610,2018.0,1,-3.07
1693,(주)웰크론한텍,076080,2017.0,0,0.73
1694,해성옵틱스(주),076610,2018.0,1,-1.46
1695,(주)한컴지엠디,077280,2013.0,0,-2.01
1696,(주)한컴지엠디,077280,2016.0,0,-0.55
1697,STX엔진(주),077970,2013.0,1,-0.8
1698,STX엔진(주),077970,2014.0,1,0.24
1699,STX엔진(주),077970,2015.0,1,0.23
1700,STX엔진(주),077970,2016.0,1,0.2
1701,STX엔진(주),077970,2017.0,0,0.53
1702,국일제지(주),078130,2012.0,1,0.27
1703,국일제지(주),078130,2013.0,1,0.57
1704,국일제지(주),078130,2014.0,1,-0.28
1705,국일제지(주),078130,2015.0,1,0.72
1706,국일제지(주),078130,2016.0,1,0.07
1707,국일제지(주),078130,2017.0,1,0.2
1708,국일제지(주),078130,2018.0,1,0.2
1709,메디포스트(주),078160,2013.0,1,-7.44
1710,메디포스트(주),078160,2014.0,1,-2.9
1711,메디포스트(주),078160,2015.0,1,-0.17
1712,메디포스트(주),078160,2016.0,1,-22.38
1713,메디포스트(주),078160,2017.0,1,-9.26
1714,메디포스트(주),078160,2018.0,1,-18.17
1715,한양디지텍(주),078350,2012.0,0,-2.62
1716,대주전자재료(주),078600,2014.0,1,0.23
1717,대주전자재료(주),078600,2015.0,0,-1.81
1718,지나인제약(주),078650,2015.0,1,-1.24
1719,지나인제약(주),078650,2016.0,1,-2.76
1720,지나인제약(주),078650,2017.0,0,-3.85
1721,(주)아이디에스,078780,2012.0,1,-2.65
1722,(주)아이디에스,078780,2013.0,1,-4.19
1723,(주)아이오케이컴퍼니,078860,2014.0,0,-29.21
1724,(주)아이오케이컴퍼니,078860,2017.0,1,-0.45
1725,(주)아이오케이컴퍼니,078860,2018.0,1,-1.13
1726,코드네이처(주),078940,2011.0,1,-0.22
1727,코드네이처(주),078940,2012.0,1,0.18
1728,코드네이처(주),078940,2013.0,1,-0.77
1729,코드네이처(주),078940,2014.0,1,0.35
1730,코드네이처(주),078940,2015.0,1,-0.13
1731,코드네이처(주),078940,2016.0,1,-1.5
1732,코드네이처(주),078940,2017.0,1,-3.12
1733,코드네이처(주),078940,2018.0,0,-1.24
1734,(주)케스피온,079190,2011.0,1,-6.4
1735,(주)케스피온,079190,2012.0,0,-4.6
1736,(주)케스피온,079190,2015.0,0,-1.36
1737,(주)사조해표,079660,2013.0,0,-2.64
1738,(주)디이엔티,079810,2014.0,0,-29.21
1739,인베니아(주),079950,2012.0,0,-10.2
1740,(주)투비소프트,079970,2018.0,1,-4.83
1741,에스엔유프리시젼(주),080000,2012.0,0,-6.54
1742,(주)제주반도체,080220,2013.0,1,-29.21
1743,(주)제주반도체,080220,2014.0,0,-28.65
1744,(주)에스제이케이,080440,2012.0,1,-2.73
1745,(주)에스제이케이,080440,2013.0,1,-3.51
1746,(주)에스제이케이,080440,2014.0,1,-3.45
1747,(주)에스제이케이,080440,2015.0,1,-2.83
1748,(주)에스제이케이,080440,2016.0,1,-4.5
1749,(주)에스제이케이,080440,2017.0,1,-4.81
1750,(주)코디,080530,2013.0,1,0.6
1751,(주)코디,080530,2014.0,1,0.84
1752,(주)코디,080530,2015.0,1,-3.43
1753,(주)코디,080530,2016.0,1,-5.43
1754,(주)코디,080530,2017.0,1,-3.16
1755,(주)코디,080530,2018.0,1,-2.8
1756,(주)오킨스전자,080580,2016.0,1,-12.63
1757,(주)오킨스전자,080580,2017.0,0,0.07
1758,(주)옵트론텍,082210,2015.0,0,0.38
1759,(주)젬백스&카엘,082270,2011.0,1,-29.21
1760,(주)젬백스&카엘,082270,2012.0,1,-29.21
1761,(주)젬백스&카엘,082270,2013.0,1,-1.55
1762,(주)젬백스&카엘,082270,2014.0,1,-1.3
1763,(주)젬백스&카엘,082270,2015.0,1,-0.67
1764,(주)젬백스&카엘,082270,2016.0,1,-2.92
1765,(주)젬백스&카엘,082270,2017.0,1,-0.27
1766,(주)젬백스&카엘,082270,2018.0,1,-0.1
1767,(주)피엘에이,082390,2013.0,1,-6.54
1768,(주)코스나인,082660,2011.0,0,-9.06
1769,(주)코스나인,082660,2017.0,1,-5.44
1770,(주)코스나인,082660,2018.0,1,-4.62
1771,에이치에스디엔진(주),082740,2014.0,1,-2.93
1772,에이치에스디엔진(주),082740,2015.0,1,-4.83
1773,에이치에스디엔진(주),082740,2016.0,1,0.29
1774,에이치에스디엔진(주),082740,2017.0,1,0.81
1775,에이치에스디엔진(주),082740,2018.0,1,-2.07
1776,(주)비보존제약,082800,2015.0,1,-16.26
1777,(주)비보존제약,082800,2016.0,1,0.79
1778,(주)비보존제약,082800,2017.0,1,-7.38
1779,(주)비보존제약,082800,2018.0,1,-7.54
1780,우리바이오(주),082850,2017.0,1,-0.48
1781,우리바이오(주),082850,2018.0,0,-1.37
1782,(주)이엠앤아이,083470,2011.0,0,0.11
1783,(주)이엠앤아이,083470,2017.0,1,-1.35
1784,(주)이엠앤아이,083470,2018.0,1,-8.0
1785,비에이치아이(주),083650,2015.0,0,-4.55
1786,(주)씨에스에이코스믹,083660,2011.0,1,-2.27
1787,(주)씨에스에이코스믹,083660,2012.0,1,-2.21
1788,(주)씨에스에이코스믹,083660,2013.0,1,-1.58
1789,(주)씨에스에이코스믹,083660,2014.0,0,-1.44
1790,(주)씨에스에이코스믹,083660,2017.0,1,-29.21
1791,(주)씨에스에이코스믹,083660,2018.0,1,0.15
1792,크리스탈지노믹스(주),083790,2011.0,1,-20.73
1793,크리스탈지노믹스(주),083790,2012.0,1,-2.84
1794,크리스탈지노믹스(주),083790,2013.0,1,-1.56
1795,크리스탈지노믹스(주),083790,2014.0,1,-1.49
1796,크리스탈지노믹스(주),083790,2015.0,1,-1.08
1797,크리스탈지노믹스(주),083790,2016.0,1,-2.27
1798,크리스탈지노믹스(주),083790,2017.0,0,-5.44
1799,(주)이브이수성,084180,2018.0,1,-1.28
1800,(주)랩지노믹스,084650,2018.0,0,-5.37
1801,(주)이월드,084680,2011.0,1,-0.26
1802,(주)이월드,084680,2012.0,1,-0.46
1803,(주)이월드,084680,2013.0,1,-0.81
1804,(주)이월드,084680,2014.0,1,-0.95
1805,(주)이월드,084680,2015.0,0,0.17
1806,(주)헬릭스미스,084990,2011.0,1,-3.14
1807,(주)헬릭스미스,084990,2012.0,0,-11.97
1808,(주)헬릭스미스,084990,2017.0,1,-29.21
1809,(주)헬릭스미스,084990,2018.0,1,-21.08
1810,(주)엔케이,085310,2013.0,0,-2.19
1811,(주)엔케이,085310,2016.0,1,-7.18
1812,(주)엔케이,085310,2017.0,1,-2.96
1813,(주)엔케이,085310,2018.0,1,-8.21
1814,(주)루트로닉,085370,2012.0,0,0.05
1815,(주)루트로닉,085370,2018.0,1,-9.23
1816,(주)뉴프렉스,085670,2016.0,0,0.53
1817,(주)바이오톡스텍,086040,2013.0,1,-4.06
1818,(주)바이오톡스텍,086040,2014.0,1,-8.78
1819,(주)바이오톡스텍,086040,2015.0,0,-7.32
1820,(주)화신테크,086250,2015.0,1,-9.58
1821,(주)화신테크,086250,2016.0,1,-9.96
1822,(주)신양오라컴디스플레이,086830,2014.0,1,-2.46
1823,(주)이수앱지스,086890,2011.0,1,-29.21
1824,(주)이수앱지스,086890,2012.0,1,-6.49
1825,(주)이수앱지스,086890,2013.0,1,-2.78
1826,(주)이수앱지스,086890,2014.0,1,-2.13
1827,(주)이수앱지스,086890,2015.0,1,-2.28
1828,(주)이수앱지스,086890,2016.0,1,-3.31
1829,(주)이수앱지스,086890,2017.0,1,-11.38
1830,(주)이수앱지스,086890,2018.0,1,-24.54
1831,(주)쇼박스,086980,2011.0,0,-29.21
1832,(주)펩트론,087010,2016.0,1,-29.21
1833,(주)펩트론,087010,2017.0,1,-29.21
1834,(주)펩트론,087010,2018.0,1,-29.21
1835,(주)스틸플라워,087220,2014.0,1,-2.59
1836,(주)스틸플라워,087220,2015.0,1,-2.54
1837,(주)픽셀플러스,087600,2017.0,1,-29.21
1838,(주)픽셀플러스,087600,2018.0,1,-29.21
1839,(주)이엠네트웍스,087730,2017.0,1,-16.21
1840,(주)이엠네트웍스,087730,2018.0,1,-1.27
1841,이원컴포텍(주),088290,2013.0,1,-29.21
1842,이원컴포텍(주),088290,2014.0,1,-3.73
1843,이원컴포텍(주),088290,2015.0,1,-5.77
1844,이원컴포텍(주),088290,2016.0,1,-13.73
1845,이원컴포텍(주),088290,2017.0,0,-7.33
1846,(주)에이스테크놀로지,088800,2017.0,0,-1.45
1847,(주)켐트로닉스,089010,2015.0,1,-1.12
1848,(주)켐트로닉스,089010,2016.0,1,0.16
1849,(주)켐트로닉스,089010,2017.0,0,-2.65
1850,더이앤엠(주),089230,2011.0,1,-2.1
1851,더이앤엠(주),089230,2012.0,1,0.42
1852,더이앤엠(주),089230,2013.0,1,-2.44
1853,더이앤엠(주),089230,2014.0,1,-6.58
1854,더이앤엠(주),089230,2015.0,0,-2.8
1855,(주)에이티세미콘,089530,2016.0,0,-1.9
1856,(주)제이티,089790,2016.0,1,-10.94
1857,(주)제이티,089790,2017.0,0,0.53
1858,유비벨록스(주),089850,2015.0,0,-1.24
1859,유비벨록스(주),089850,2018.0,0,0.68
1860,(주)코세스,089890,2014.0,1,-4.59
1861,(주)코세스,089890,2015.0,1,-0.18
1862,(주)코세스,089890,2016.0,0,-4.29
1863,평화산업(주),090080,2011.0,0,-0.24
1864,평화산업(주),090080,2014.0,1,-0.2
1865,평화산업(주),090080,2015.0,1,0.2
1866,평화산업(주),090080,2016.0,1,0.17
1867,평화산업(주),090080,2017.0,1,-3.08
1868,평화산업(주),090080,2018.0,1,-4.32
1869,잘만테크(주),090120,2012.0,0,0.78
1870,(주)아이윈,090150,2018.0,0,-2.38
1871,(주)메타랩스,090370,2013.0,1,0.92
1872,(주)메타랩스,090370,2014.0,1,0.68
1873,(주)메타랩스,090370,2015.0,1,-7.42
1874,(주)메타랩스,090370,2016.0,1,-6.86
1875,(주)메타랩스,090370,2017.0,1,-5.53
1876,(주)메타랩스,090370,2018.0,1,-4.89
1877,휴림로봇(주),090710,2013.0,1,-3.0
1878,휴림로봇(주),090710,2014.0,0,-6.51
1879,세원이앤씨(주),091090,2012.0,1,0.9
1880,세원이앤씨(주),091090,2013.0,1,-1.44
1881,세원이앤씨(주),091090,2014.0,1,-1.62
1882,세원이앤씨(주),091090,2015.0,1,0.11
1883,세원이앤씨(주),091090,2016.0,1,-0.02
1884,세원이앤씨(주),091090,2017.0,1,0.7
1885,세원이앤씨(주),091090,2018.0,1,-1.86
1886,에스엔케이폴리텍(주),091340,2013.0,0,-4.75
1887,상신이디피(주),091580,2016.0,0,-0.24
1888,나노캠텍(주),091970,2016.0,1,-7.34
1889,나노캠텍(주),091970,2017.0,0,-6.81
1890,(주)디엔에프,092070,2013.0,0,-3.18
1891,(주)케이이씨,092220,2011.0,1,-1.92
1892,(주)케이이씨,092220,2012.0,1,-1.64
1893,(주)케이이씨,092220,2013.0,1,-0.66
1894,(주)케이이씨,092220,2014.0,1,0.42
1895,(주)케이이씨,092220,2015.0,1,0.9
1896,(주)케이이씨,092220,2016.0,0,0.76
1897,현우산업(주),092300,2013.0,1,-1.29
1898,현우산업(주),092300,2014.0,0,-2.26
1899,한라아이엠에스(주),092460,2018.0,0,-0.8
1900,(주)앤씨앤,092600,2013.0,1,-29.21
1901,(주)앤씨앤,092600,2014.0,0,-29.21
1902,(주)앤씨앤,092600,2017.0,1,-29.21
1903,(주)앤씨앤,092600,2018.0,1,-29.21
1904,(주)이아이디,093230,2011.0,1,-26.29
1905,(주)이아이디,093230,2012.0,1,-17.54
1906,(주)이아이디,093230,2013.0,1,-2.66
1907,(주)이아이디,093230,2014.0,1,-2.54
1908,(주)이아이디,093230,2015.0,1,-4.36
1909,(주)이아이디,093230,2016.0,1,-2.15
1910,(주)이아이디,093230,2017.0,1,-2.22
1911,(주)이아이디,093230,2018.0,1,-0.97
1912,(주)후성,093370,2013.0,1,-3.28
1913,(주)후성,093370,2014.0,0,-1.91
1914,다믈멀티미디어(주),093640,2018.0,0,-29.21
1915,(주)동운아나텍,094170,2018.0,1,-10.17
1916,이엘케이(주),094190,2013.0,0,-5.27
1917,이엘케이(주),094190,2016.0,1,-8.67
1918,이엘케이(주),094190,2017.0,1,-0.4
1919,갤럭시아머니트리(주),094480,2011.0,1,-7.26
1920,갤럭시아머니트리(주),094480,2012.0,1,-0.79
1921,갤럭시아머니트리(주),094480,2013.0,1,-0.48
1922,갤럭시아머니트리(주),094480,2014.0,0,0.47
1923,(주)네오리진,094860,2014.0,1,-8.5
1924,(주)네오리진,094860,2015.0,0,-19.24
1925,(주)푸른기술,094940,2015.0,0,-17.72
1926,이엠코리아(주),095190,2017.0,1,-0.08
1927,이엠코리아(주),095190,2018.0,1,-0.55
1928,(주)웨이브일렉트로닉스,095270,2012.0,1,-10.79
1929,(주)웨이브일렉트로닉스,095270,2013.0,1,-16.16
1930,(주)웨이브일렉트로닉스,095270,2014.0,1,-2.14
1931,(주)웨이브일렉트로닉스,095270,2015.0,1,-8.19
1932,(주)웨이브일렉트로닉스,095270,2016.0,0,-4.63
1933,(주)엔에스브이,095300,2014.0,1,-1.76
1934,미래나노텍(주),095500,2014.0,1,-7.79
1935,미래나노텍(주),095500,2015.0,0,-0.4
1936,(주)제넥신,095700,2011.0,1,-28.26
1937,(주)제넥신,095700,2012.0,1,-3.54
1938,(주)제넥신,095700,2013.0,1,-3.62
1939,(주)제넥신,095700,2014.0,0,-5.05
1940,(주)제넥신,095700,2017.0,1,-24.27
1941,(주)제넥신,095700,2018.0,1,-14.27
1942,이트론(주),096040,2011.0,1,-29.21
1943,이트론(주),096040,2012.0,0,-29.21
1944,이트론(주),096040,2015.0,1,-17.18
1945,이트론(주),096040,2016.0,0,-28.18
1946,(주)대창솔루션,096350,2013.0,1,-1.23
1947,(주)대창솔루션,096350,2014.0,1,-2.46
1948,(주)대창솔루션,096350,2015.0,1,-0.05
1949,(주)대창솔루션,096350,2016.0,1,-2.1
1950,(주)대창솔루션,096350,2017.0,1,-2.64
1951,(주)대창솔루션,096350,2018.0,1,-2.2
1952,(주)알에프세미,096610,2018.0,1,0.52
1953,(주)멜파스,096640,2014.0,1,-6.56
1954,(주)멜파스,096640,2015.0,1,-4.57
1955,(주)멜파스,096640,2016.0,1,0.48
1956,(주)멜파스,096640,2017.0,1,-16.5
1957,(주)멜파스,096640,2018.0,1,-5.44
1958,(주)에이루트,096690,2017.0,1,-2.33
1959,(주)에이루트,096690,2018.0,1,-29.21
1960,제이더블유홀딩스(주),096760,2012.0,1,0.07
1961,제이더블유홀딩스(주),096760,2013.0,1,0.46
1962,제이더블유홀딩스(주),096760,2014.0,1,0.62
1963,제이더블유홀딩스(주),096760,2015.0,0,0.98
1964,(주)엘디티,096870,2014.0,0,-29.21
1965,(주)엘디티,096870,2017.0,0,-29.21
1966,(주)HJ중공업,097230,2012.0,1,0.27
1967,(주)HJ중공업,097230,2013.0,1,-0.4
1968,(주)HJ중공업,097230,2014.0,1,-0.88
1969,(주)HJ중공업,097230,2015.0,1,-0.5
1970,(주)HJ중공업,097230,2016.0,1,-0.58
1971,(주)HJ중공업,097230,2017.0,1,-1.08
1972,(주)HJ중공업,097230,2018.0,1,0.62
1973,에스맥(주),097780,2015.0,1,-25.28
1974,에스맥(주),097780,2016.0,0,-0.97
1975,(주)윈팩,097800,2014.0,1,0.05
1976,(주)윈팩,097800,2015.0,1,-3.23
1977,(주)윈팩,097800,2016.0,1,-4.63
1978,(주)윈팩,097800,2017.0,0,-1.86
1979,(주)마이크로컨텍솔루션,098120,2017.0,1,-29.21
1980,(주)마이크로컨텍솔루션,098120,2018.0,0,-29.21
1981,(주)에스티오,098660,2014.0,0,0.86
1982,에스디엔(주),099220,2013.0,1,0.37
1983,에스디엔(주),099220,2014.0,0,0.25
1984,(주)동방선기,099410,2013.0,1,-3.39
1985,(주)동방선기,099410,2014.0,1,-0.86
1986,(주)동방선기,099410,2015.0,0,0.86
1987,(주)동방선기,099410,2018.0,1,-29.21
1988,(주)아이티엑스에이아이,099520,2011.0,0,-0.6
1989,(주)아이티엑스에이아이,099520,2015.0,1,-22.96
1990,(주)아이티엑스에이아이,099520,2016.0,0,-8.77
1991,한솔신텍(주),099660,2012.0,1,-1.86
1992,한솔신텍(주),099660,2013.0,1,-0.7
1993,한솔신텍(주),099660,2014.0,0,-3.74
1994,(주)씨그널엔터테인먼트그룹,099830,2014.0,1,-4.23
1995,(주)씨그널엔터테인먼트그룹,099830,2015.0,1,-3.08
1996,삼강엠앤티(주),100090,2013.0,0,-0.8
1997,삼강엠앤티(주),100090,2018.0,1,-3.56
1998,(주)동국에스엔씨,100130,2011.0,0,-29.21
1999,(주)상상인인더스트리,101000,2011.0,1,-11.5
2000,(주)상상인인더스트리,101000,2012.0,0,-2.67
2001,(주)상상인인더스트리,101000,2018.0,1,-7.37
2002,(주)인바이오젠,101140,2013.0,1,-7.15
2003,(주)인바이오젠,101140,2014.0,1,-4.82
2004,(주)인바이오젠,101140,2015.0,1,-29.21
2005,(주)인바이오젠,101140,2016.0,1,-16.73
2006,(주)인바이오젠,101140,2017.0,0,-26.6
2007,(주)월덱스,101160,2013.0,1,-1.44
2008,(주)월덱스,101160,2014.0,1,0.91
2009,(주)월덱스,101160,2015.0,0,0.62
2010,(주)이엔드디,101360,2016.0,1,-1.03
2011,(주)이엔드디,101360,2017.0,1,-1.62
2012,(주)이엔드디,101360,2018.0,0,0.49
2013,(주)아이엠,101390,2017.0,1,0.77
2014,(주)아이엠,101390,2018.0,1,-1.76
2015,엔시트론(주),101400,2013.0,1,-17.06
2016,엔시트론(주),101400,2014.0,1,-5.16
2017,엔시트론(주),101400,2015.0,1,-3.0
2018,엔시트론(주),101400,2016.0,1,0.0
2019,엔시트론(주),101400,2017.0,1,-3.72
2020,엔시트론(주),101400,2018.0,1,-4.5
2021,(주)에스앤에스텍,101490,2013.0,0,-0.6
2022,(주)하이드로리튬,101670,2018.0,1,-29.21
2023,한국정밀기계(주),101680,2013.0,1,-2.78
2024,한국정밀기계(주),101680,2014.0,1,-18.03
2025,한국정밀기계(주),101680,2015.0,1,-23.57
2026,한국정밀기계(주),101680,2016.0,1,-12.38
2027,한국정밀기계(주),101680,2017.0,1,-25.71
2028,한국정밀기계(주),101680,2018.0,1,-29.21
2029,(주)위메이드맥스,101730,2015.0,1,-8.79
2030,(주)위메이드맥스,101730,2016.0,1,-1.96
2031,(주)위메이드맥스,101730,2017.0,1,-3.34
2032,(주)위메이드맥스,101730,2018.0,1,-7.35
2033,인화정공(주),101930,2017.0,1,-0.2
2034,인화정공(주),101930,2018.0,1,-0.52
2035,(주)에이치디,102210,2018.0,1,-3.09
2036,(주)쌍방울,102280,2014.0,1,0.13
2037,(주)쌍방울,102280,2015.0,1,0.52
2038,(주)쌍방울,102280,2016.0,1,-9.13
2039,(주)쌍방울,102280,2017.0,1,-14.15
2040,(주)쌍방울,102280,2018.0,1,0.32
2041,코오롱생명과학(주),102940,2018.0,1,-23.27
2042,웅진에너지(주),103130,2013.0,1,-2.86
2043,웅진에너지(주),103130,2014.0,1,-1.07
2044,웅진에너지(주),103130,2015.0,1,0.05
2045,웅진에너지(주),103130,2016.0,1,-6.01
2046,웅진에너지(주),103130,2017.0,1,0.32
2047,(주)에스앤더블류,103230,2012.0,1,0.44
2048,(주)에스앤더블류,103230,2013.0,1,-1.62
2049,(주)에스앤더블류,103230,2014.0,0,0.83
2050,(주)에스앤더블류,103230,2017.0,1,-29.21
2051,(주)에스앤더블류,103230,2018.0,1,-29.21
2052,일진전기(주),103590,2012.0,0,-0.52
2053,(주)엔에이치엔벅스,104200,2017.0,0,-29.21
2054,(주)티케이케미칼,104480,2013.0,1,0.05
2055,(주)티케이케미칼,104480,2014.0,0,0.42
2056,(주)코렌텍,104540,2018.0,0,-4.38
2057,한국철강(주),104700,2011.0,0,-26.91
2058,(주)케이엔더블유,105330,2013.0,0,0.13
2059,(주)케이엔더블유,105330,2017.0,0,-4.55
2060,(주)트루윈,105550,2016.0,1,-11.88
2061,(주)트루윈,105550,2017.0,0,-1.56
2062,(주)우진,105840,2017.0,1,-3.72
2063,(주)우진,105840,2018.0,1,-0.59
2064,(주)하이소닉,106080,2014.0,0,-12.69
2065,(주)하이소닉,106080,2017.0,1,-0.8
2066,(주)하이소닉,106080,2018.0,1,-1.87
2067,(주)파인테크닉스,106240,2017.0,1,-7.63
2068,(주)파인테크닉스,106240,2018.0,0,-6.75
2069,(주)노블엠앤비,106520,2016.0,1,-6.13
2070,(주)노블엠앤비,106520,2017.0,1,-4.91
2071,(주)노블엠앤비,106520,2018.0,1,-3.67
2072,(주)셀바스에이아이,108860,2015.0,1,-1.15
2073,(주)셀바스에이아이,108860,2016.0,1,-13.49
2074,(주)셀바스에이아이,108860,2017.0,1,0.5
2075,(주)셀바스에이아이,108860,2018.0,1,-12.46
2076,컨버즈(주),109070,2011.0,1,-1.59
2077,컨버즈(주),109070,2012.0,1,-1.0
2078,컨버즈(주),109070,2013.0,1,-0.52
2079,컨버즈(주),109070,2014.0,1,-0.76
2080,컨버즈(주),109070,2015.0,1,-1.4
2081,컨버즈(주),109070,2016.0,1,-3.71
2082,컨버즈(주),109070,2017.0,1,-5.41
2083,컨버즈(주),109070,2018.0,1,-5.14
2084,(주)에이프로젠헬스케어앤게임즈,109960,2012.0,1,-3.23
2085,(주)에이프로젠헬스케어앤게임즈,109960,2013.0,0,-10.42
2086,(주)에이프로젠헬스케어앤게임즈,109960,2016.0,1,-6.37
2087,(주)에이프로젠헬스케어앤게임즈,109960,2017.0,1,-1.04
2088,(주)에이프로젠헬스케어앤게임즈,109960,2018.0,1,-0.12
2089,(주)넥솔론,110570,2012.0,1,-2.39
2090,(주)넥솔론,110570,2013.0,1,-0.9
2091,(주)넥솔론,110570,2014.0,1,-1.18
2092,(주)승화프리텍,111610,2012.0,1,-9.21
2093,(주)위메이드,112040,2015.0,0,-12.98
2094,디젠스(주),113810,2014.0,0,-4.55
2095,디젠스(주),113810,2018.0,1,-1.54
2096,크루셜텍(주),114120,2013.0,1,-2.82
2097,크루셜텍(주),114120,2014.0,0,-1.5
2098,크루셜텍(주),114120,2018.0,1,-8.55
2099,(주)강원에너지,114190,2017.0,1,-26.56
2100,(주)강원에너지,114190,2018.0,1,0.2
2101,케이피엑스라이프사이언스(주),114450,2014.0,0,-4.36
2102,지스마트글로벌(주),114570,2012.0,1,0.24
2103,지스마트글로벌(주),114570,2013.0,0,-7.32
2104,(주)휴맥스,115160,2018.0,0,-2.01
2105,(주)큐리언트,115180,2017.0,1,-29.21
2106,(주)큐리언트,115180,2018.0,1,-29.21
2107,에이치엘비테라퓨틱스(주),115450,2012.0,1,-0.57
2108,에이치엘비테라퓨틱스(주),115450,2013.0,1,0.18
2109,에이치엘비테라퓨틱스(주),115450,2014.0,1,-1.87
2110,에이치엘비테라퓨틱스(주),115450,2015.0,1,-4.66
2111,에이치엘비테라퓨틱스(주),115450,2016.0,1,-7.96
2112,에이치엘비테라퓨틱스(주),115450,2017.0,1,-6.68
2113,에이치엘비테라퓨틱스(주),115450,2018.0,1,-3.75
2114,(주)씨유메디칼시스템,115480,2014.0,0,-0.6
2115,(주)씨유메디칼시스템,115480,2017.0,0,-2.2
2116,(주)씨엔플러스,115530,2014.0,1,-12.81
2117,(주)씨엔플러스,115530,2015.0,1,-5.9
2118,(주)씨엔플러스,115530,2016.0,1,-5.19
2119,(주)씨엔플러스,115530,2017.0,1,-0.28
2120,(주)씨엔플러스,115530,2018.0,1,-3.63
2121,(주)스타플렉스,115570,2012.0,0,0.45
2122,(주)이미지스테크놀로지,115610,2018.0,1,-29.21
2123,(주)알파홀딩스,117670,2017.0,1,-8.6
2124,(주)알파홀딩스,117670,2018.0,1,-3.07
2125,(주)한진해운,117930,2012.0,1,-0.29
2126,(주)한진해운,117930,2013.0,1,-0.6
2127,케이씨코트렐(주),119650,2014.0,1,-16.42
2128,케이씨코트렐(주),119650,2015.0,0,-29.21
2129,아이텍(주),119830,2013.0,0,0.95
2130,(주)비덴트,121800,2016.0,1,-3.93
2131,(주)비덴트,121800,2017.0,0,-6.15
2132,(주)코이즈,121850,2014.0,1,-0.15
2133,(주)코이즈,121850,2015.0,0,-1.92
2134,(주)코이즈,121850,2018.0,1,-9.15
2135,(주)에스디시스템,121890,2017.0,1,-29.21
2136,(주)에스디시스템,121890,2018.0,1,-16.49
2137,(주)서진오토모티브,122690,2018.0,1,-0.83
2138,(주)아이윈플러스,123010,2016.0,1,0.06
2139,(주)아이윈플러스,123010,2017.0,1,-7.82
2140,(주)아이윈플러스,123010,2018.0,1,-10.03
2141,(주)파인넥스,123260,2013.0,1,-7.88
2142,(주)파인넥스,123260,2014.0,1,-5.89
2143,(주)파인넥스,123260,2015.0,1,-1.53
2144,(주)파인넥스,123260,2016.0,1,-10.94
2145,(주)제닉,123330,2018.0,1,-11.16
2146,한국화장품(주),123690,2012.0,1,-7.37
2147,한국화장품(주),123690,2013.0,1,-5.31
2148,한국화장품(주),123690,2014.0,1,-6.3
2149,한국화장품(주),123690,2015.0,0,-29.21
2150,(주)알톤스포츠,123750,2016.0,1,-9.65
2151,(주)알톤스포츠,123750,2017.0,1,-14.42
2152,(주)알톤스포츠,123750,2018.0,1,-1.12
2153,(주)한일진공,123840,2017.0,1,-1.8
2154,(주)한일진공,123840,2018.0,1,0.34
2155,(주)뉴로스,126870,2015.0,0,0.61
2156,(주)뉴로스,126870,2018.0,1,0.47
2157,제이엔케이히터(주),126880,2014.0,0,0.97
2158,(주)디엔에이링크,127120,2014.0,1,-6.19
2159,(주)디엔에이링크,127120,2015.0,1,-7.65
2160,(주)디엔에이링크,127120,2016.0,1,-4.18
2161,(주)디엔에이링크,127120,2017.0,1,0.76
2162,(주)디엔에이링크,127120,2018.0,1,-3.16
2163,(주)매직마이크로,127160,2016.0,1,-4.36
2164,(주)매직마이크로,127160,2017.0,1,-1.99
2165,(주)매직마이크로,127160,2018.0,1,0.12
2166,대성산업(주),128820,2012.0,1,-0.25
2167,대성산업(주),128820,2013.0,1,-2.26
2168,대성산업(주),128820,2014.0,1,-0.18
2169,대성산업(주),128820,2015.0,1,-0.47
2170,대성산업(주),128820,2016.0,1,-0.31
2171,대성산업(주),128820,2017.0,1,-0.34
2172,대성산업(주),128820,2018.0,1,0.3
2173,(주)초록뱀이앤엠,131100,2013.0,1,-1.24
2174,(주)초록뱀이앤엠,131100,2014.0,1,-2.08
2175,(주)초록뱀이앤엠,131100,2015.0,1,-3.37
2176,(주)초록뱀이앤엠,131100,2016.0,1,-2.77
2177,(주)초록뱀이앤엠,131100,2017.0,1,-2.38
2178,(주)티에스이,131290,2016.0,0,-21.96
2179,알서포트(주),131370,2016.0,0,-19.67
2180,(주)이브이첨단소재,131400,2015.0,1,-18.85
2181,(주)이브이첨단소재,131400,2016.0,0,-2.97
2182,(주)두산테스나,131970,2016.0,0,-2.43
2183,(주)이퓨쳐,134060,2012.0,0,-29.21
2184,(주)탑코미디어,134580,2017.0,0,-29.21
2185,(주)하림,136480,2015.0,0,0.82
2186,(주)오이솔루션,138080,2018.0,0,0.49
2187,(주)나이벡,138610,2012.0,1,-2.68
2188,(주)나이벡,138610,2013.0,1,-5.06
2189,(주)나이벡,138610,2014.0,1,-5.51
2190,(주)나이벡,138610,2015.0,1,-3.41
2191,(주)나이벡,138610,2016.0,1,-3.51
2192,(주)나이벡,138610,2017.0,1,-1.81
2193,(주)나이벡,138610,2018.0,1,-4.64
2194,(주)엘아이에스,138690,2013.0,1,-4.49
2195,(주)엘아이에스,138690,2014.0,0,-12.24
2196,(주)엘아이에스,138690,2017.0,0,-1.97
2197,(주)시티랩스,139050,2016.0,1,-3.19
2198,(주)시티랩스,139050,2017.0,1,-17.05
2199,(주)시티랩스,139050,2018.0,1,-2.29
2200,(주)메지온,140410,2014.0,1,-29.21
2201,(주)메지온,140410,2015.0,1,-1.9
2202,(주)메지온,140410,2016.0,1,-1.96
2203,(주)메지온,140410,2017.0,1,-6.08
2204,(주)메지온,140410,2018.0,1,-29.21
2205,(주)디에스앤엘,141020,2014.0,1,-16.91
2206,(주)디에스앤엘,141020,2015.0,1,-10.88
2207,(주)디에스앤엘,141020,2016.0,0,-1.3
2208,(주)맥스로텍,141070,2016.0,1,-2.14
2209,(주)맥스로텍,141070,2017.0,0,0.62
2210,(주)레고켐바이오사이언스,141080,2014.0,1,-29.21
2211,(주)레고켐바이오사이언스,141080,2015.0,1,-9.17
2212,(주)레고켐바이오사이언스,141080,2016.0,1,-9.48
2213,(주)레고켐바이오사이언스,141080,2017.0,1,-7.27
2214,(주)레고켐바이오사이언스,141080,2018.0,0,-29.21
2215,(주)녹십자엠에스,142280,2017.0,1,0.26
2216,(주)녹십자엠에스,142280,2018.0,1,-6.18
2217,(주)비엘,142760,2015.0,1,-21.28
2218,(주)비엘,142760,2016.0,1,-29.21
2219,(주)비엘,142760,2017.0,1,-29.21
2220,(주)비엘,142760,2018.0,1,-1.72
2221,(주)아이디스,143160,2017.0,0,-29.21
2222,(주)영우디에스피,143540,2018.0,0,-10.34
2223,코오롱머티리얼(주),144620,2015.0,1,-6.04
2224,코오롱머티리얼(주),144620,2016.0,1,-1.22
2225,코오롱머티리얼(주),144620,2017.0,1,-25.3
2226,코오롱머티리얼(주),144620,2018.0,1,-12.57
2227,(주)다이나믹디자인,145210,2018.0,1,-4.73
2228,(주)모다,149940,2015.0,0,-5.83
2229,(주)인트로메딕,150840,2016.0,1,-4.46
2230,(주)인트로메딕,150840,2017.0,1,-0.9
2231,(주)인트로메딕,150840,2018.0,1,-1.61
2232,에스비더블유생명과학(주),151910,2016.0,1,-19.13
2233,에스비더블유생명과학(주),151910,2017.0,1,-4.2
2234,에스비더블유생명과학(주),151910,2018.0,1,-0.74
2235,(주)네이블커뮤니케이션즈,153460,2018.0,1,-29.21
2236,우리이앤엘(주),153490,2014.0,1,-0.31
2237,우리이앤엘(주),153490,2015.0,1,0.04
2238,우리이앤엘(주),153490,2016.0,1,-1.74
2239,우리이앤엘(주),153490,2017.0,0,-2.84
2240,(주)솔루에타,154040,2017.0,0,0.58
2241,(주)엘앤케이바이오메드,156100,2018.0,1,-4.4
2242,참존글로벌(주),158310,2015.0,1,-26.74
2243,참존글로벌(주),158310,2016.0,1,-11.2
2244,참존글로벌(주),158310,2017.0,1,-0.26
2245,참존글로벌(주),158310,2018.0,1,-3.35
2246,(주)제로투세븐,159580,2015.0,1,-1.74
2247,(주)제로투세븐,159580,2016.0,1,-24.91
2248,(주)제로투세븐,159580,2017.0,1,-3.04
2249,(주)제로투세븐,159580,2018.0,0,-5.59
2250,(주)스킨앤스킨,159910,2014.0,1,-12.45
2251,(주)스킨앤스킨,159910,2015.0,1,-3.74
2252,(주)스킨앤스킨,159910,2016.0,1,0.29
2253,(주)스킨앤스킨,159910,2017.0,1,-4.57
2254,(주)스킨앤스킨,159910,2018.0,1,-2.83
2255,(주)넥스트엔터테인먼트월드,160550,2018.0,1,-6.46
2256,(주)더 미동,161570,2017.0,1,-29.21
2257,(주)더 미동,161570,2018.0,1,-23.55
2258,코아스템켐온(주),166480,2017.0,1,-29.21
2259,코아스템켐온(주),166480,2018.0,1,-29.21
2260,(주)내츄럴엔도텍,168330,2016.0,1,-29.21
2261,(주)내츄럴엔도텍,168330,2017.0,1,-1.96
2262,(주)내츄럴엔도텍,168330,2018.0,1,-6.1
2263,램테크놀러지(주),171010,2015.0,1,-0.71
2264,램테크놀러지(주),171010,2016.0,0,-1.83
2265,앱클론(주),174900,2018.0,0,-29.21
2266,(주)인포마크,175140,2018.0,1,-0.57
2267,(주)유테크,178780,2017.0,1,-5.45
2268,(주)유테크,178780,2018.0,1,-3.7
2269,디엑스앤브이엑스(주),180400,2017.0,1,-17.41
2270,디엑스앤브이엑스(주),180400,2018.0,1,-2.35
2271,(주)엔케이맥스,182400,2016.0,1,-29.21
2272,(주)엔케이맥스,182400,2017.0,1,-29.21
2273,(주)엔케이맥스,182400,2018.0,1,-29.21
2274,마이크로로봇(주),182690,2017.0,1,-29.21
2275,마이크로로봇(주),182690,2018.0,1,-11.83
2276,(주)엔지켐생명과학,183490,2016.0,1,-29.21
2277,(주)엔지켐생명과학,183490,2017.0,1,-29.1
2278,(주)엔지켐생명과학,183490,2018.0,1,-29.21
2279,아이진(주),185490,2014.0,1,-29.21
2280,아이진(주),185490,2015.0,1,-29.21
2281,아이진(주),185490,2016.0,1,-29.21
2282,아이진(주),185490,2017.0,1,-29.21
2283,아이진(주),185490,2018.0,1,-9.23
2284,(주)나노,187790,2016.0,1,-5.47
2285,(주)나노,187790,2017.0,0,0.96
2286,(주)나무가,190510,2017.0,0,-18.62
2287,(주)와이제이엠게임즈,193250,2018.0,0,-2.6
2288,데브시스터즈(주),194480,2016.0,1,-29.21
2289,데브시스터즈(주),194480,2017.0,1,-29.21
2290,데브시스터즈(주),194480,2018.0,1,-29.21
2291,(주)파티게임즈,194510,2015.0,1,-7.12
2292,(주)파티게임즈,194510,2016.0,1,-11.45
2293,(주)파티게임즈,194510,2017.0,1,-0.62
2294,(주)퓨전,195440,2018.0,1,-6.32
2295,(주)에이비프로바이오,195990,2018.0,1,-1.31
2296,(주)알테오젠,196170,2017.0,1,-29.21
2297,(주)알테오젠,196170,2018.0,1,-29.21
2298,(주)코아시아옵틱스,196450,2016.0,1,-9.95
2299,(주)코아시아옵틱스,196450,2017.0,1,-0.35
2300,(주)코아시아옵틱스,196450,2018.0,0,-2.38
2301,(주)툴젠,199800,2016.0,1,-29.21
2302,(주)툴젠,199800,2017.0,1,-29.21
2303,(주)툴젠,199800,2018.0,1,-29.21
2304,(주)텔콘알에프제약,200230,2016.0,1,-7.56
2305,(주)텔콘알에프제약,200230,2017.0,1,-3.6
2306,(주)텔콘알에프제약,200230,2018.0,0,-1.54
2307,(주)래몽래인,200350,2018.0,0,-7.34
2308,(주)에이팩트,200470,2016.0,0,-10.41
2309,(주)에이디테크놀로지,200710,2017.0,0,-1.02
2310,(주)서연이화,200880,2018.0,0,0.6
2311,에이비온(주),203400,2017.0,1,-29.21
2312,에이비온(주),203400,2018.0,1,-29.21
2313,(주)프로스테믹스,203690,2018.0,1,-29.21
2314,(주)스튜디오산타클로스엔터테인먼트,204630,2017.0,1,-0.74
2315,(주)스튜디오산타클로스엔터테인먼트,204630,2018.0,1,-2.36
2316,지엘팜텍(주),204840,2017.0,1,-29.21
2317,지엘팜텍(주),204840,2018.0,1,-5.74
2318,(주)액션스퀘어,205500,2016.0,1,-29.21
2319,(주)액션스퀘어,205500,2017.0,1,-29.21
2320,(주)액션스퀘어,205500,2018.0,1,-29.21
2321,(주)베노홀딩스,206400,2016.0,1,-29.21
2322,(주)베노홀딩스,206400,2017.0,1,-29.21
2323,(주)베노홀딩스,206400,2018.0,0,-8.56
2324,(주)셀바스헬스케어,208370,2017.0,1,0.29
2325,(주)셀바스헬스케어,208370,2018.0,1,-16.0
2326,(주)썸에이지,208640,2017.0,1,-29.21
2327,(주)썸에이지,208640,2018.0,1,-29.21
2328,(주)엔지스테크널러지,208860,2018.0,1,-0.83
2329,(주)에스엘바이오닉스,214310,2017.0,1,-0.02
2330,(주)에스엘바이오닉스,214310,2018.0,1,-1.5
2331,(주)토니모리,214420,2018.0,1,-2.26
2332,(주)미코바이오메드,214610,2016.0,1,-29.21
2333,(주)미코바이오메드,214610,2017.0,1,-21.29
2334,(주)미코바이오메드,214610,2018.0,1,-13.03
2335,뉴지랩파마(주),214870,2017.0,1,-29.21
2336,뉴지랩파마(주),214870,2018.0,1,-3.41
2337,(주)우정바이오,215380,2018.0,0,-29.21
2338,신라젠(주),215600,2017.0,1,-14.04
2339,신라젠(주),215600,2018.0,1,-29.21
2340,제너셈(주),217190,2017.0,1,-3.06
2341,제너셈(주),217190,2018.0,0,-4.26
2342,(주)넵튠,217270,2017.0,1,-29.21
2343,(주)넵튠,217270,2018.0,1,-29.21
2344,(주)강스템바이오텍,217730,2016.0,1,-18.89
2345,(주)강스템바이오텍,217730,2017.0,1,-8.15
2346,(주)강스템바이오텍,217730,2018.0,1,-12.31
2347,(주)퓨쳐켐,220100,2016.0,1,-5.22
2348,(주)퓨쳐켐,220100,2017.0,1,-29.21
2349,(주)퓨쳐켐,220100,2018.0,1,-3.1
2350,(주)핸디소프트,220180,2018.0,1,-5.78
2351,(주)카이노스메드,220250,2016.0,1,-26.94
2352,(주)카이노스메드,220250,2017.0,1,-20.83
2353,씨아이에스(주),222080,2018.0,0,-21.05
2354,(주)팬젠,222110,2017.0,1,-29.21
2355,(주)팬젠,222110,2018.0,1,-5.89
2356,(주)세토피아,222810,2017.0,1,-10.88
2357,(주)세토피아,222810,2018.0,1,-3.02
2358,커머스마이너 (주),223310,2017.0,1,-5.13
2359,커머스마이너 (주),223310,2018.0,1,-4.22
2360,(주)더코디,224060,2017.0,1,-1.59
2361,(주)더코디,224060,2018.0,1,-15.69
2362,(주)넥슨게임즈,225570,2018.0,1,-29.21
2363,(주)아이엠텍,226350,2018.0,1,-6.35
2364,(주)티씨엠생명과학,228180,2017.0,1,-1.7
2365,(주)지노믹트리,228760,2017.0,1,-29.21
2366,(주)지노믹트리,228760,2018.0,1,-29.21
2367,(주)에이트원,230980,2018.0,1,-0.14
2368,(주)얼라인드제네틱스,238120,2017.0,1,-29.21
2369,(주)얼라인드제네틱스,238120,2018.0,1,-29.21
2370,피씨엘(주),241820,2018.0,1,-29.21
2371,(주)아스타,246720,2018.0,1,-22.95
2372,(주)모비스,250060,2018.0,1,-27.35
